{
  "type": "FeatureCollection",
  "features": [
    {
      "type": "Feature",
      "properties": {
        "name": "Bar Bar Gym",
        "address": "3XGX+WJW, Jl. Raya Salira Merak Batu Bolong, Merak, Tamansari, Kec. Pulomerak, Kota Cilegon, Banten 42438, Indonesia",
        "city": "Kota Cilegon",
        "rating": 4.5,
        "phone": "+62 895-0873-450"
      },
      "geometry": {
        "type": "Point",
        "coordinates": [
          105.9990898,
          -5.9226326
        ]
      }
    },
    {
      "type": "Feature",
      "properties": {
        "name": "ADISSA GYM",
        "address": "Samping Kolam Renang Sumur Adem, Jalan Akses Tol Jl. Link Sukahurip, RT.04/RW.07, Mekarsari, Kec. Pulomerak, Kota Cilegon, Banten 42438, Indonesia",
        "city": "Kota Cilegon",
        "rating": 4.9,
        "phone": "+62 819-1117-2133"
      },
      "geometry": {
        "type": "Point",
        "coordinates": [
          106.0055901,
          -5.9411722
        ]
      }
    },
    {
      "type": "Feature",
      "properties": {
        "name": "King’s Gym & Fitness",
        "address": "Jl. Ukirsari, Ukirsari, Kec. Bojonegara, Kabupaten Serang, Banten 42454, Indonesia",
        "city": "Kabupaten Serang",
        "rating": 5,
        "phone": "+62 813-8643-3714"
      },
      "geometry": {
        "type": "Point",
        "coordinates": [
          106.085135,
          -5.9617678
        ]
      }
    },
    {
      "type": "Feature",
      "properties": {
        "name": "Arfan Fitness",
        "address": "336M+HP2, Banyuwangi, Kec. Puloampel, Kabupaten Serang, Banten 42455, Indonesia",
        "city": "Kabupaten Serang",
        "rating": 5,
        "phone": "Tidak ada nomor"
      },
      "geometry": {
        "type": "Point",
        "coordinates": [
          106.0842516,
          -5.9386038
        ]
      }
    },
    {
      "type": "Feature",
      "properties": {
        "name": "Muis_gym",
        "address": "23RX+Q99, kp.solor-lor, RT./rw:20/RW.08, Margagiri, Kec. Bojonegara, Kabupaten Serang, Banten 42454, Indonesia",
        "city": "Kabupaten Serang",
        "rating": 5,
        "phone": "Tidak ada nomor"
      },
      "geometry": {
        "type": "Point",
        "coordinates": [
          106.098487,
          -5.95808
        ]
      }
    },
    {
      "type": "Feature",
      "properties": {
        "name": "Iron Gym",
        "address": "Jl. Soekarno Hatta No.146, Tepus, Sukorejo, Kec. Ngasem, Kabupaten Kediri, Jawa Timur 64182, Indonesia",
        "city": "Kabupaten Kediri",
        "rating": 4.6,
        "phone": "+62 852-3588-7744"
      },
      "geometry": {
        "type": "Point",
        "coordinates": [
          112.0332465,
          -7.8075451
        ]
      }
    },
    {
      "type": "Feature",
      "properties": {
        "name": "Winner Gym",
        "address": "Jl. Kalimantan No.33, Sananwetan, Kec. Sananwetan, Kota Blitar, Jawa Timur 66137, Indonesia",
        "city": "Kota Blitar",
        "rating": 4.7,
        "phone": "+62 342 815988"
      },
      "geometry": {
        "type": "Point",
        "coordinates": [
          112.1822253,
          -8.1021822
        ]
      }
    },
    {
      "type": "Feature",
      "properties": {
        "name": "West Gym Kediri",
        "address": "Jl. Pemandian No.25, Bandar Lor, Kec. Mojoroto, Kota Kediri, Jawa Timur 64114, Indonesia",
        "city": "Kota Kediri",
        "rating": 4.6,
        "phone": "+62 815-9898-825"
      },
      "geometry": {
        "type": "Point",
        "coordinates": [
          112.0009797,
          -7.8217355
        ]
      }
    },
    {
      "type": "Feature",
      "properties": {
        "name": "NR GYM PARON NGAWI",
        "address": "Jalan raya paron, selatan lapangan, RT.04/RW.01, Kenaiban, merdeka, Kec. Paron, Kabupaten Ngawi, Jawa Timur 63253, Indonesia",
        "city": "Kabupaten Ngawi",
        "rating": 4.7,
        "phone": "+62 821-2465-6961"
      },
      "geometry": {
        "type": "Point",
        "coordinates": [
          111.3967415,
          -7.4357216
        ]
      }
    },
    {
      "type": "Feature",
      "properties": {
        "name": "GOLDEN GYM NGADILUWIH",
        "address": "Jl. H. Abd. Rochim, Ngadiloyo, Ngadiluwih, Kec. Ngadiluwih, Kabupaten Kediri, Jawa Timur 64171, Indonesia",
        "city": "Kabupaten Kediri",
        "rating": 4.9,
        "phone": "+62 857-5022-2513"
      },
      "geometry": {
        "type": "Point",
        "coordinates": [
          111.9809104,
          -7.8887101
        ]
      }
    },
    {
      "type": "Feature",
      "properties": {
        "name": "Guardian Gym",
        "address": "WW9C+VJM, Jl. Ploso Kandang Permai, Kudusan, Plosokandang, Kec. Kedungwaru, Kabupaten Tulungagung, Jawa Timur 66229, Indonesia",
        "city": "Kabupaten Tulungagung",
        "rating": 4.9,
        "phone": "Tidak ada nomor"
      },
      "geometry": {
        "type": "Point",
        "coordinates": [
          111.921534,
          -8.0802812
        ]
      }
    },
    {
      "type": "Feature",
      "properties": {
        "name": "GM Gym",
        "address": "Jl. Melati No.110, Kepanjen Kidul, Kec. Kepanjenkidul, Kota Blitar, Jawa Timur 66117, Indonesia",
        "city": "Kota Blitar",
        "rating": 4.9,
        "phone": "Tidak ada nomor"
      },
      "geometry": {
        "type": "Point",
        "coordinates": [
          112.1609517,
          -8.1029437
        ]
      }
    },
    {
      "type": "Feature",
      "properties": {
        "name": "BUANA GYM",
        "address": "Jl. Pamenang, RT.01/RW.01, Sukorejo, Kec. Gurah, Kabupaten Kediri, Jawa Timur 64181, Indonesia",
        "city": "Kabupaten Kediri",
        "rating": 4.8,
        "phone": "+62 857-6544-9445"
      },
      "geometry": {
        "type": "Point",
        "coordinates": [
          112.089281,
          -7.8053827
        ]
      }
    },
    {
      "type": "Feature",
      "properties": {
        "name": "Ho Gym Fitness & Aerobik",
        "address": "Lantai 2, Jalan Pamenang, No 10, Ngasem, Katang, Sukorejo, Kec. Kota, Kabupaten Kediri, Jawa Timur 64182, Indonesia",
        "city": "Kabupaten Kediri",
        "rating": 4.7,
        "phone": "+62 812-3540-7525"
      },
      "geometry": {
        "type": "Point",
        "coordinates": [
          112.044499,
          -7.803873
        ]
      }
    },
    {
      "type": "Feature",
      "properties": {
        "name": "Simpang Lima Fitness Gym",
        "address": "Jl. Erlangga No.99A, Katang, Paron, Kec. Ngasem, Kabupaten Kediri, Jawa Timur 64182, Indonesia",
        "city": "Kabupaten Kediri",
        "rating": 4.7,
        "phone": "+62 858-4303-5725"
      },
      "geometry": {
        "type": "Point",
        "coordinates": [
          112.0568739,
          -7.815149
        ]
      }
    },
    {
      "type": "Feature",
      "properties": {
        "name": "BULL GYM",
        "address": "43H3+P8V, Bulur, Ngreco, Kec. Kandat, Kabupaten Kediri, Jawa Timur 64173, Indonesia",
        "city": "Kabupaten Kediri",
        "rating": "Belum ada rating",
        "phone": "Tidak ada nomor"
      },
      "geometry": {
        "type": "Point",
        "coordinates": [
          112.0532906,
          -7.8706328
        ]
      }
    },
    {
      "type": "Feature",
      "properties": {
        "name": "3C Gym Madiun",
        "address": "Jl. Slamet Riyadi No.63, Kanigoro, Kec. Kartoharjo, Kota Madiun, Jawa Timur 63118, Indonesia",
        "city": "Kota Madiun",
        "rating": 5,
        "phone": "+62 811-3102-911"
      },
      "geometry": {
        "type": "Point",
        "coordinates": [
          111.5409309,
          -7.6309833
        ]
      }
    },
    {
      "type": "Feature",
      "properties": {
        "name": "Happy Gym Muning",
        "address": "Jl. Raung No.7, Bandar Kidul, Kec. Mojoroto, Kabupaten Kediri, Jawa Timur 64117, Indonesia",
        "city": "Kabupaten Kediri",
        "rating": 4.8,
        "phone": "+62 857-3094-9462"
      },
      "geometry": {
        "type": "Point",
        "coordinates": [
          111.9965386,
          -7.8281088
        ]
      }
    },
    {
      "type": "Feature",
      "properties": {
        "name": "ANGRUMBA GYM / FITNES",
        "address": "Jl. Cemp. Gg. 3, Bangunsari, Kec. Mejayan, Kabupaten Madiun, Jawa Timur 63153, Indonesia",
        "city": "Kabupaten Madiun",
        "rating": 4.9,
        "phone": "+62 813-3463-0186"
      },
      "geometry": {
        "type": "Point",
        "coordinates": [
          111.660478,
          -7.539912
        ]
      }
    },
    {
      "type": "Feature",
      "properties": {
        "name": "Perkasa Gym",
        "address": "Jl. Dewi Artika No.32-16, Singonegaran, Kec. Pesantren, Kota Kediri, Jawa Timur 64132, Indonesia",
        "city": "Kota Kediri",
        "rating": 4.6,
        "phone": "+62 813-3262-1045"
      },
      "geometry": {
        "type": "Point",
        "coordinates": [
          112.0275849,
          -7.8399272
        ]
      }
    },
    {
      "type": "Feature",
      "properties": {
        "name": "Marion Ladies Gym & Studio",
        "address": "Jl. Yos Sudarso No.73-75, Pakelan, Kec. Kota, Kota Kediri, Jawa Timur 64123, Indonesia",
        "city": "Kota Kediri",
        "rating": 4.8,
        "phone": "+62 821-5383-8778"
      },
      "geometry": {
        "type": "Point",
        "coordinates": [
          112.008961,
          -7.816418
        ]
      }
    },
    {
      "type": "Feature",
      "properties": {
        "name": "HW GYM",
        "address": "4C65+M4V, Jl. Raya Somoroto - Ngumpul, Bentong, Semanding, Kec. Kauman, Kabupaten Ponorogo, Jawa Timur 63451, Indonesia",
        "city": "Kabupaten Ponorogo",
        "rating": 4.9,
        "phone": "Tidak ada nomor"
      },
      "geometry": {
        "type": "Point",
        "coordinates": [
          111.4077928,
          -7.8882648
        ]
      }
    },
    {
      "type": "Feature",
      "properties": {
        "name": "Ben Bugar Gym",
        "address": "Jl. Dr. Sutomo No.67, Kartoharjo, Kec. Kartoharjo, Kota Madiun, Jawa Timur 63117, Indonesia",
        "city": "Kota Madiun",
        "rating": 5,
        "phone": "Tidak ada nomor"
      },
      "geometry": {
        "type": "Point",
        "coordinates": [
          111.5237271,
          -7.628018
        ]
      }
    },
    {
      "type": "Feature",
      "properties": {
        "name": "Optimal gym",
        "address": "Plampitan, Setono, Kec. Jenangan, Kabupaten Ponorogo, Jawa Timur 63492, Indonesia",
        "city": "Kabupaten Ponorogo",
        "rating": 4.7,
        "phone": "+62 822-9933-9221"
      },
      "geometry": {
        "type": "Point",
        "coordinates": [
          111.503546,
          -7.8434256
        ]
      }
    },
    {
      "type": "Feature",
      "properties": {
        "name": "Royal gym Ngawi",
        "address": "HCQF+HQ5, Ngronggi, Grudo, Kec. Ngawi, Kabupaten Ngawi, Jawa Timur 63214, Indonesia",
        "city": "Kabupaten Ngawi",
        "rating": 4.8,
        "phone": "Tidak ada nomor"
      },
      "geometry": {
        "type": "Point",
        "coordinates": [
          111.4244804,
          -7.4111227
        ]
      }
    },
    {
      "type": "Feature",
      "properties": {
        "name": "R-FIT GYM & SAUNA ( Agen Suplement Fitness Solo )",
        "address": "Jl. Kerinci Jl. Sekip Asri No.47, Kadipiro, Kec. Banjarsari, Kota Surakarta, Jawa Tengah 57136, Indonesia",
        "city": "Kota Surakarta",
        "rating": 4.9,
        "phone": "+62 813-2855-3141"
      },
      "geometry": {
        "type": "Point",
        "coordinates": [
          110.8230698,
          -7.5327249
        ]
      }
    },
    {
      "type": "Feature",
      "properties": {
        "name": "Neo Fit Gym Solo Baru",
        "address": "RUKO SUPER MAKMUR, JL. PARIS R-S-T BLOK 168, Dusun I, Madegondo, Kec. Grogol, Kabupaten Sukoharjo, Jawa Tengah 57552, Indonesia",
        "city": "Kabupaten Sukoharjo",
        "rating": 4.7,
        "phone": "+62 811-2959-946"
      },
      "geometry": {
        "type": "Point",
        "coordinates": [
          110.81273,
          -7.598627
        ]
      }
    },
    {
      "type": "Feature",
      "properties": {
        "name": "Gym Mulya Jaya",
        "address": "Jl. Raya Krikilan No.07, RT.04/RW.02, Dusun Legundi, Krikilan, Kec. Driyorejo, Kabupaten Gresik, Jawa Timur 61177, Indonesia",
        "city": "Kabupaten Gresik",
        "rating": 4.5,
        "phone": "+62 812-3004-1201"
      },
      "geometry": {
        "type": "Point",
        "coordinates": [
          112.5778844,
          -7.3831445
        ]
      }
    },
    {
      "type": "Feature",
      "properties": {
        "name": "DNAFIT LIMITLESS",
        "address": "Jl. K.H Samanhudi No.132, Sondakan, Kec. Laweyan, Kota Surakarta, Jawa Tengah 57147, Indonesia",
        "city": "Kota Surakarta",
        "rating": 4.8,
        "phone": "+62 852-2664-8554"
      },
      "geometry": {
        "type": "Point",
        "coordinates": [
          110.7949261,
          -7.5651436
        ]
      }
    },
    {
      "type": "Feature",
      "properties": {
        "name": "Brooklyn gym",
        "address": "Jl. Slamet No.35, Banaran Baru, Banaran, Kec. Grogol, Kabupaten Sukoharjo, Jawa Tengah 57552, Indonesia",
        "city": "Kabupaten Sukoharjo",
        "rating": 4.1,
        "phone": "Tidak ada nomor"
      },
      "geometry": {
        "type": "Point",
        "coordinates": [
          110.799217,
          -7.5729991
        ]
      }
    },
    {
      "type": "Feature",
      "properties": {
        "name": "Eagle Gym",
        "address": "Jl. Bekonang - Sukoharjo, Sugihan, Gentan, Kec. Bendosari, Kabupaten Sukoharjo, Jawa Tengah 57528, Indonesia",
        "city": "Kabupaten Sukoharjo",
        "rating": 4.4,
        "phone": "+62 852-2594-4303"
      },
      "geometry": {
        "type": "Point",
        "coordinates": [
          110.8629717,
          -7.6537816
        ]
      }
    },
    {
      "type": "Feature",
      "properties": {
        "name": "Workout Container GYM",
        "address": "Jl. Raya Sengkaling No.188, Sengkaling, Mulyoagung, Kec. Dau, Kabupaten Malang, Jawa Timur 65151, Indonesia",
        "city": "Kabupaten Malang",
        "rating": 4.4,
        "phone": "+62 856-4581-0677"
      },
      "geometry": {
        "type": "Point",
        "coordinates": [
          112.5870178,
          -7.9151203
        ]
      }
    },
    {
      "type": "Feature",
      "properties": {
        "name": "Detective Gym Batu",
        "address": "Jl. Dewi Sartika Atas, Sisir, Kec. Batu, Kota Batu, Jawa Timur 65315, Indonesia",
        "city": "Kota Batu",
        "rating": 4.4,
        "phone": "+62 857-9508-8838"
      },
      "geometry": {
        "type": "Point",
        "coordinates": [
          112.5285612,
          -7.8828926
        ]
      }
    },
    {
      "type": "Feature",
      "properties": {
        "name": "Gym Texas Fitness Center",
        "address": "Jl. Dahlia No.28, Mangunrejo, Tulungrejo, Kec. Pare, Kabupaten Kediri, Jawa Timur 64212, Indonesia",
        "city": "Kabupaten Kediri",
        "rating": 3.8,
        "phone": "Tidak ada nomor"
      },
      "geometry": {
        "type": "Point",
        "coordinates": [
          112.1855047,
          -7.7561933
        ]
      }
    },
    {
      "type": "Feature",
      "properties": {
        "name": "Body and Mind Gym",
        "address": "Padma Health center, Jl. R. M. Said No.156, Punggawan, Kec. Banjarsari, Kota Surakarta, Jawa Tengah 57135, Indonesia",
        "city": "Kota Surakarta",
        "rating": 4.6,
        "phone": "+62 851-0784-2828"
      },
      "geometry": {
        "type": "Point",
        "coordinates": [
          110.8161569,
          -7.5597441
        ]
      }
    },
    {
      "type": "Feature",
      "properties": {
        "name": "Paragon Gym",
        "address": "Jl. Raya Ngasinan, Ruko Paragon Plaza Jl. Raya Ngasinan No.17, Kepatihan, Kec. Menganti, Kabupaten Gresik, Jawa Timur 61174, Indonesia",
        "city": "Kabupaten Gresik",
        "rating": 4.6,
        "phone": "+62 823-3647-8019"
      },
      "geometry": {
        "type": "Point",
        "coordinates": [
          112.6031058,
          -7.2377819
        ]
      }
    },
    {
      "type": "Feature",
      "properties": {
        "name": "Starfit GYM Malang 24 jam",
        "address": "Jl. Gajayana No.575, Dinoyo, Kec. Lowokwaru, Kota Malang, Jawa Timur 65144, Indonesia",
        "city": "Kota Malang",
        "rating": 4.8,
        "phone": "+62 831-9221-6120"
      },
      "geometry": {
        "type": "Point",
        "coordinates": [
          112.6089634,
          -7.946331
        ]
      }
    },
    {
      "type": "Feature",
      "properties": {
        "name": "Chakra Gym",
        "address": "Jl. KH. Wahid Hasyim No.2, Joyotakan, Kec. Serengan, Kota Surakarta, Jawa Tengah 57157, Indonesia",
        "city": "Kota Surakarta",
        "rating": 4.6,
        "phone": "+62 896-6010-5010"
      },
      "geometry": {
        "type": "Point",
        "coordinates": [
          110.8223352,
          -7.5918544
        ]
      }
    },
    {
      "type": "Feature",
      "properties": {
        "name": "Momon Gym",
        "address": "Jl. Tlogo Indah No.40a, Tlogomas, Kec. Lowokwaru, Kota Malang, Jawa Timur 65144, Indonesia",
        "city": "Kota Malang",
        "rating": 4.6,
        "phone": "+62 813-3425-6781"
      },
      "geometry": {
        "type": "Point",
        "coordinates": [
          112.6019635,
          -7.939234
        ]
      }
    },
    {
      "type": "Feature",
      "properties": {
        "name": "Elfas gym & fitness",
        "address": "Elfas gym Jl. Pahlawan, Kebakan, Sapen, Kec. Mojolaban, Kebakan, Sapen, elfas, Kabupaten Sukoharjo, Jawa Tengah 57554, Indonesia",
        "city": "Kabupaten Sukoharjo",
        "rating": 4.8,
        "phone": "+62 815-5338-4219"
      },
      "geometry": {
        "type": "Point",
        "coordinates": [
          110.9008985,
          -7.5813927
        ]
      }
    },
    {
      "type": "Feature",
      "properties": {
        "name": "colourfit gym and fitness center",
        "address": "CRP7+W45, Jl. Yosodipuro No.111c, Mangkubumen, Kec. Banjarsari, Kota Surakarta, Jawa Tengah 57139, Indonesia",
        "city": "Kota Surakarta",
        "rating": 4.4,
        "phone": "Tidak ada nomor"
      },
      "geometry": {
        "type": "Point",
        "coordinates": [
          110.8128767,
          -7.5627501
        ]
      }
    },
    {
      "type": "Feature",
      "properties": {
        "name": "ProFIT Gym ladies only",
        "address": "Ruko Griya Mandiri Kav. 7, Sumbersari, Jl. Sigura - Gura, Karangbesuki, Kec. Lowokwaru, Kota Malang, Jawa Timur 65145, Indonesia",
        "city": "Kota Malang",
        "rating": 4.7,
        "phone": "+62 812-3088-7759"
      },
      "geometry": {
        "type": "Point",
        "coordinates": [
          112.6065386,
          -7.9549654
        ]
      }
    },
    {
      "type": "Feature",
      "properties": {
        "name": "Babe Gym Warung Wesi",
        "address": "Jalan Jambu 2 no 24, RT 01 RW 08, Oro-Oro Ombo, Kec. Batu, Kota Batu, Jawa Timur 65316, Indonesia",
        "city": "Kota Batu",
        "rating": 4.9,
        "phone": "+62 811-3192-024"
      },
      "geometry": {
        "type": "Point",
        "coordinates": [
          112.5295865,
          -7.9064219
        ]
      }
    },
    {
      "type": "Feature",
      "properties": {
        "name": "ELITE GYM",
        "address": "Jl. Pakel No.15, Taman, Kec. Taman, Kota Madiun, Jawa Timur 63132, Indonesia",
        "city": "Kota Madiun",
        "rating": 2.2,
        "phone": "+62 888-1811-980"
      },
      "geometry": {
        "type": "Point",
        "coordinates": [
          111.5244367,
          -7.6363616
        ]
      }
    },
    {
      "type": "Feature",
      "properties": {
        "name": "FLASH GYM",
        "address": "Jl. Raya Langsep No.2F, Bareng, Kec. Klojen, Kota Malang, Jawa Timur 65146, Indonesia",
        "city": "Kota Malang",
        "rating": 4.5,
        "phone": "+62 813-3331-3130"
      },
      "geometry": {
        "type": "Point",
        "coordinates": [
          112.612633,
          -7.9745065
        ]
      }
    },
    {
      "type": "Feature",
      "properties": {
        "name": "Tkp Gym Sragen",
        "address": "GWPP+35C, Kebayanan 2, Masaran, Kec. Masaran, Kabupaten Sragen, Jawa Tengah 57282, Indonesia",
        "city": "Kabupaten Sragen",
        "rating": 4.7,
        "phone": "+62 812-3581-8450"
      },
      "geometry": {
        "type": "Point",
        "coordinates": [
          110.9353982,
          -7.4648203
        ]
      }
    },
    {
      "type": "Feature",
      "properties": {
        "name": "S.P Gym",
        "address": "9VMR+XV9, Jl. H. Muslich, Bancakan, Wonorejo, Kec. Polokarto, Kabupaten Sukoharjo, Jawa Tengah 57555, Indonesia",
        "city": "Kabupaten Sukoharjo",
        "rating": 4.4,
        "phone": "+62 812-2674-4808"
      },
      "geometry": {
        "type": "Point",
        "coordinates": [
          110.892222,
          -7.615089
        ]
      }
    },
    {
      "type": "Feature",
      "properties": {
        "name": "PANDAWA GYM",
        "address": "Jl. Ahmad Yani No.388, Ngrandu, Baureno, Kec. Baureno, Kabupaten Bojonegoro, Jawa Timur 62192, Indonesia",
        "city": "Kabupaten Bojonegoro",
        "rating": 4.2,
        "phone": "+62 812-3274-455"
      },
      "geometry": {
        "type": "Point",
        "coordinates": [
          112.1019313,
          -7.1273197
        ]
      }
    },
    {
      "type": "Feature",
      "properties": {
        "name": "DIAMOND gym wonoayu",
        "address": "depan sd negeri semambung bekas indomart, Jl. Raya Semambung lor, Semambung Lor, lor, Kec. Wonoayu, Kabupaten Sidoarjo, Jawa Timur 61261, Indonesia",
        "city": "Kabupaten Sidoarjo",
        "rating": 4.6,
        "phone": "+62 856-0677-6835"
      },
      "geometry": {
        "type": "Point",
        "coordinates": [
          112.6093604,
          -7.4365081
        ]
      }
    },
    {
      "type": "Feature",
      "properties": {
        "name": "Al Zahra Gym",
        "address": "Bumiaji, Kec. Bumiaji, Kota Batu, Jawa Timur 65331, Indonesia",
        "city": "Kota Batu",
        "rating": 4.5,
        "phone": "+62 813-3314-7083"
      },
      "geometry": {
        "type": "Point",
        "coordinates": [
          112.5364375,
          -7.8511875
        ]
      }
    },
    {
      "type": "Feature",
      "properties": {
        "name": "Platinum Gym",
        "address": "Jl. Yos Sudarso No.02, Gayam Selatan, Catak Gayam, Kec. Mojowarno, Kabupaten Jombang, Jawa Timur 61475, Indonesia",
        "city": "Kabupaten Jombang",
        "rating": 4.5,
        "phone": "+62 857-3359-1111"
      },
      "geometry": {
        "type": "Point",
        "coordinates": [
          112.3160765,
          -7.5978877
        ]
      }
    },
    {
      "type": "Feature",
      "properties": {
        "name": "KEKSI GYM",
        "address": "Jl. Basuki Rahmat No.7, Kerten, Kec. Laweyan, Kota Surakarta, Jawa Tengah 57143, Indonesia",
        "city": "Kota Surakarta",
        "rating": 4.8,
        "phone": "+62 878-3007-2017"
      },
      "geometry": {
        "type": "Point",
        "coordinates": [
          110.7911382,
          -7.5576925
        ]
      }
    },
    {
      "type": "Feature",
      "properties": {
        "name": "LUNA FIT GYM & FITNES",
        "address": "MC9F+H8R Yon, Jl. Dawarblandong Jl. Raya Jarot, Sidokerto, Pulorejo, Kec. Dawar Blandong, Kabupaten Mojokerto, Jawa Timur 61354, Indonesia",
        "city": "Kabupaten Mojokerto",
        "rating": 4.4,
        "phone": "+62 821-4081-2927"
      },
      "geometry": {
        "type": "Point",
        "coordinates": [
          112.4232689,
          -7.3310008
        ]
      }
    },
    {
      "type": "Feature",
      "properties": {
        "name": "The Singhasari Resort Gym",
        "address": "4G4X+5WV, Beji, Kec. Junrejo, Kota Batu, Jawa Timur 65236, Indonesia",
        "city": "Kota Batu",
        "rating": 4.7,
        "phone": "Tidak ada nomor"
      },
      "geometry": {
        "type": "Point",
        "coordinates": [
          112.5497929,
          -7.8945176
        ]
      }
    },
    {
      "type": "Feature",
      "properties": {
        "name": "Pegasus Gym Center",
        "address": "Jl. Argowilis No.773, Bajang, Semen, Kec. Semen, Kabupaten Kediri, Jawa Timur 64161, Indonesia",
        "city": "Kabupaten Kediri",
        "rating": 4.5,
        "phone": "+62 822-3082-0192"
      },
      "geometry": {
        "type": "Point",
        "coordinates": [
          111.9698274,
          -7.8296184
        ]
      }
    },
    {
      "type": "Feature",
      "properties": {
        "name": "Zank Gym, Kopi dan Fitness",
        "address": "Jl. Kencur No.9, Jetis, Kwarasan, Kec. Grogol, Kabupaten Sukoharjo, Jawa Tengah 57552, Indonesia",
        "city": "Kabupaten Sukoharjo",
        "rating": 4.5,
        "phone": "+62 823-1483-4242"
      },
      "geometry": {
        "type": "Point",
        "coordinates": [
          110.8066487,
          -7.5921083
        ]
      }
    },
    {
      "type": "Feature",
      "properties": {
        "name": "MY GYM SPORT CENTER",
        "address": "Jl. Raya Langsep No.4a, Bareng, Kec. Klojen, Kota Malang, Jawa Timur 65116, Indonesia",
        "city": "Kota Malang",
        "rating": 4.7,
        "phone": "+62 851-1757-8897"
      },
      "geometry": {
        "type": "Point",
        "coordinates": [
          112.6124536,
          -7.9757424
        ]
      }
    },
    {
      "type": "Feature",
      "properties": {
        "name": "Alka Coffee & Gym",
        "address": "Jl. Tentara Genie Pelajar No.3, Plongko, Pare, Kec. Pare, Kabupaten Kediri, Jawa Timur 64211, Indonesia",
        "city": "Kabupaten Kediri",
        "rating": 4.4,
        "phone": "+62 812-5928-888"
      },
      "geometry": {
        "type": "Point",
        "coordinates": [
          112.1900924,
          -7.765752
        ]
      }
    },
    {
      "type": "Feature",
      "properties": {
        "name": "Gavril gym Kepanjen",
        "address": "Jl. Ketanen Penarukan No.248, Penarukan, Kec. Kepanjen, Kabupaten Malang, Jawa Timur 65163, Indonesia",
        "city": "Kabupaten Malang",
        "rating": 4.8,
        "phone": "+62 831-3485-6955"
      },
      "geometry": {
        "type": "Point",
        "coordinates": [
          112.5794853,
          -8.138293
        ]
      }
    },
    {
      "type": "Feature",
      "properties": {
        "name": "VIARI GYM Fitness Center",
        "address": "Rw. 3, Gadingan, Kec. Mojolaban, Kabupaten Sukoharjo, Jawa Tengah 57554, Indonesia",
        "city": "Kabupaten Sukoharjo",
        "rating": 4.8,
        "phone": "+62 878-2634-6124"
      },
      "geometry": {
        "type": "Point",
        "coordinates": [
          110.8492546,
          -7.582594
        ]
      }
    },
    {
      "type": "Feature",
      "properties": {
        "name": "Happy Gym Banjaran",
        "address": "Jl. Banjaran Jl. Letjend Sutoyo Gg. I No.110, Banjaran, Kec. Kota, Kota Kediri, Jawa Timur 64129, Indonesia",
        "city": "Kota Kediri",
        "rating": 4.6,
        "phone": "+62 857-9121-8157"
      },
      "geometry": {
        "type": "Point",
        "coordinates": [
          112.0243879,
          -7.8194338
        ]
      }
    },
    {
      "type": "Feature",
      "properties": {
        "name": "Merapi Gym",
        "address": "Jl. Adi Sucipto No.75, Paulan Kulon, Paulan, Kec. Colomadu, Kabupaten Karanganyar, Jawa Tengah 57174, Indonesia",
        "city": "Kabupaten Karanganyar",
        "rating": 4.9,
        "phone": "+62 851-7543-0670"
      },
      "geometry": {
        "type": "Point",
        "coordinates": [
          110.7584843,
          -7.5378333
        ]
      }
    },
    {
      "type": "Feature",
      "properties": {
        "name": "FITZONE GYM",
        "address": "Panunggalan, Kec. Pulokulon, Kabupaten Grobogan, Jawa Tengah 58181, Indonesia",
        "city": "Kabupaten Grobogan",
        "rating": 4.9,
        "phone": "+62 881-0361-57680"
      },
      "geometry": {
        "type": "Point",
        "coordinates": [
          111.0585672,
          -7.1273445
        ]
      }
    },
    {
      "type": "Feature",
      "properties": {
        "name": "gunsgymfain",
        "address": "FQ4Q+J79, Jl. Baturan Raya, Baturan, Kec. Colomadu, Kabupaten Karanganyar, Jawa Tengah 57171, Indonesia",
        "city": "Kabupaten Karanganyar",
        "rating": 4.8,
        "phone": "+62 856-7855-548"
      },
      "geometry": {
        "type": "Point",
        "coordinates": [
          110.7882197,
          -7.5434587
        ]
      }
    },
    {
      "type": "Feature",
      "properties": {
        "name": "Mitta GYM Center",
        "address": "Jl. Kalpataru No.17, Tawang, Tawanganom, Kec. Magetan, Kabupaten Magetan, Jawa Timur 63313, Indonesia",
        "city": "Kabupaten Magetan",
        "rating": 4.7,
        "phone": "+62 815-5654-2117"
      },
      "geometry": {
        "type": "Point",
        "coordinates": [
          111.3174898,
          -7.6458384
        ]
      }
    },
    {
      "type": "Feature",
      "properties": {
        "name": "EMOSIONAL GYM",
        "address": "No.01 Blok D1, Perumahan Jl. Griya Permata Meri, Mergelo, Meri, Kranggan, Mojokerto City, East Java 61315, Indonesia",
        "city": "Kota Mojokerto",
        "rating": 4.5,
        "phone": "+62 858-4769-4249"
      },
      "geometry": {
        "type": "Point",
        "coordinates": [
          112.4460443,
          -7.4770565
        ]
      }
    },
    {
      "type": "Feature",
      "properties": {
        "name": "Adiraga Gym",
        "address": "Jl. Solo - Purwodadi No.Km.11, Cinet, Bulurejo, Kec. Gondangrejo, Kabupaten Karanganyar, Jawa Tengah 57188, Indonesia",
        "city": "Kabupaten Karanganyar",
        "rating": 4.6,
        "phone": "Tidak ada nomor"
      },
      "geometry": {
        "type": "Point",
        "coordinates": [
          110.8087819,
          -7.4776712
        ]
      }
    },
    {
      "type": "Feature",
      "properties": {
        "name": "Agna Physique Gym",
        "address": "Ngeseng, Kwangen, Kec. Gemolong, Kabupaten Sragen, Jawa Tengah 57274, Indonesia",
        "city": "Kabupaten Sragen",
        "rating": 4.8,
        "phone": "+62 856-7628-828"
      },
      "geometry": {
        "type": "Point",
        "coordinates": [
          110.8254174,
          -7.3966128
        ]
      }
    },
    {
      "type": "Feature",
      "properties": {
        "name": "BIMA GYM",
        "address": "Jl. Nasional III No.64, Morangan, Bolorejo, Kec. Kauman, Kabupaten Tulungagung, Jawa Timur 66261, Indonesia",
        "city": "Kabupaten Tulungagung",
        "rating": 4.5,
        "phone": "Tidak ada nomor"
      },
      "geometry": {
        "type": "Point",
        "coordinates": [
          111.86238,
          -8.0597783
        ]
      }
    },
    {
      "type": "Feature",
      "properties": {
        "name": "Heroes Gym and Sauna",
        "address": "Jl. M.H. Thamrin No.32, Kerek, Ketanggi, Kec. Ngawi, Kabupaten Ngawi, Jawa Timur 63217, Indonesia",
        "city": "Kabupaten Ngawi",
        "rating": 4.4,
        "phone": "+62 822-2888-7889"
      },
      "geometry": {
        "type": "Point",
        "coordinates": [
          111.4419966,
          -7.4040332
        ]
      }
    },
    {
      "type": "Feature",
      "properties": {
        "name": "Seven 7 Gym",
        "address": "7GGM+FJG, Purworejo, Kec. Geger, Kabupaten Madiun, Jawa Timur 63171, Indonesia",
        "city": "Kabupaten Madiun",
        "rating": 4.3,
        "phone": "Tidak ada nomor"
      },
      "geometry": {
        "type": "Point",
        "coordinates": [
          111.5340663,
          -7.7238157
        ]
      }
    },
    {
      "type": "Feature",
      "properties": {
        "name": "Nibras One Gym",
        "address": "H2J9+7CV, Jl. Ahmad Yani, Kutorejo, Sragen Tengah, Kec. Sragen, Kabupaten Sragen, Jawa Tengah 57212, Indonesia",
        "city": "Kabupaten Sragen",
        "rating": 4.6,
        "phone": "+62 813-2974-0234"
      },
      "geometry": {
        "type": "Point",
        "coordinates": [
          111.0185405,
          -7.4192642
        ]
      }
    },
    {
      "type": "Feature",
      "properties": {
        "name": "Fit Club Gym Asembagus",
        "address": "66V8+XCH, Perante Utara, Parante, Kec. Asembagus, Kabupaten Situbondo, Jawa Timur 68373, Indonesia",
        "city": "Kabupaten Situbondo",
        "rating": 5,
        "phone": "+62 851-2228-63330"
      },
      "geometry": {
        "type": "Point",
        "coordinates": [
          114.2160499,
          -7.7555795
        ]
      }
    },
    {
      "type": "Feature",
      "properties": {
        "name": "boy gym fitnes centre",
        "address": "3C73+JMQ, jalan mangaran-bimorejo bajulmati, Krajan, Bajulmati, Kec. Wongsorejo, Kabupaten Banyuwangi, Jawa Timur 68453, Indonesia",
        "city": "Kabupaten Banyuwangi",
        "rating": 4.2,
        "phone": "+62 812-3460-4449"
      },
      "geometry": {
        "type": "Point",
        "coordinates": [
          114.4042252,
          -7.9359229
        ]
      }
    },
    {
      "type": "Feature",
      "properties": {
        "name": "Gym & Aerobic Champion",
        "address": "Jl. Merapi No.10, Banaran Baru, Banaran, Kec. Grogol, Kabupaten Sukoharjo, Jawa Tengah 57552, Indonesia",
        "city": "Kabupaten Sukoharjo",
        "rating": 4.6,
        "phone": "Tidak ada nomor"
      },
      "geometry": {
        "type": "Point",
        "coordinates": [
          110.798745,
          -7.5746547
        ]
      }
    },
    {
      "type": "Feature",
      "properties": {
        "name": "West Gym KediriKab",
        "address": "Tanjung, Kunjang, Kec. Kunjang, Kabupaten Kediri, Jawa Timur 64156, Indonesia",
        "city": "Kabupaten Kediri",
        "rating": 4.7,
        "phone": "Tidak ada nomor"
      },
      "geometry": {
        "type": "Point",
        "coordinates": [
          112.1628125,
          -7.6566317
        ]
      }
    },
    {
      "type": "Feature",
      "properties": {
        "name": "Squat Gym",
        "address": "Jl. Sukarno Hatta II No.6, Katang, Sukorejo, Kec. Ngasem, Kabupaten Kediri, Jawa Timur 64182, Indonesia",
        "city": "Kabupaten Kediri",
        "rating": 4.8,
        "phone": "Tidak ada nomor"
      },
      "geometry": {
        "type": "Point",
        "coordinates": [
          112.0389996,
          -7.8066654
        ]
      }
    },
    {
      "type": "Feature",
      "properties": {
        "name": "Galaxy Gym",
        "address": "Jl. Cokroaminoto No.50, RT.1, Kejuron, Kec. Taman, Kota Madiun, Jawa Timur 63133, Indonesia",
        "city": "Kota Madiun",
        "rating": 4.6,
        "phone": "+62 821-4066-5066"
      },
      "geometry": {
        "type": "Point",
        "coordinates": [
          111.5193043,
          -7.6328741
        ]
      }
    },
    {
      "type": "Feature",
      "properties": {
        "name": "Step Up by Ladys Gym",
        "address": "Jl. Ahmad Yani No.C8-C10, Ardirejo, Kec. Kepanjen, Kabupaten Malang, Jawa Timur 65163, Indonesia",
        "city": "Kabupaten Malang",
        "rating": 5,
        "phone": "+62 881-9856-956"
      },
      "geometry": {
        "type": "Point",
        "coordinates": [
          112.5749495,
          -8.1201295
        ]
      }
    },
    {
      "type": "Feature",
      "properties": {
        "name": "Wong Kito Galo GYM",
        "address": "Watutulis Utara, Watutulis, Kec. Prambon, Kabupaten Sidoarjo, Jawa Timur 61264, Indonesia",
        "city": "Kabupaten Sidoarjo",
        "rating": 5,
        "phone": "+62 855-4646-4365"
      },
      "geometry": {
        "type": "Point",
        "coordinates": [
          112.5738913,
          -7.4356685
        ]
      }
    },
    {
      "type": "Feature",
      "properties": {
        "name": "Glg Gilang Gym Center",
        "address": "FR8G+36C, Jl. Bromo Raya, Kadipiro, Kec. Banjarsari, Kota Surakarta, Jawa Tengah 57136, Indonesia",
        "city": "Kota Surakarta",
        "rating": 4.7,
        "phone": "+62 813-9186-8491"
      },
      "geometry": {
        "type": "Point",
        "coordinates": [
          110.8255133,
          -7.5348195
        ]
      }
    },
    {
      "type": "Feature",
      "properties": {
        "name": "NADA GYM",
        "address": "RWXH+PG6, Jl. Raya Bakalan, Semanding, Kec. Bojonegoro, Kabupaten Bojonegoro, Jawa Timur 62119, Indonesia",
        "city": "Kabupaten Bojonegoro",
        "rating": 4.7,
        "phone": "+62 853-7666-6111"
      },
      "geometry": {
        "type": "Point",
        "coordinates": [
          111.9287661,
          -7.1507217
        ]
      }
    },
    {
      "type": "Feature",
      "properties": {
        "name": "Yoga gym sukoharjo",
        "address": "Larangan, RT.02/RW02/RW.No 10, Larangan Wetan, Gayam, Kec. Sukoharjo, Kabupaten Sukoharjo, Jawa Tengah 57514, Indonesia",
        "city": "Kabupaten Sukoharjo",
        "rating": 4.9,
        "phone": "+62 821-3354-1911"
      },
      "geometry": {
        "type": "Point",
        "coordinates": [
          110.8450398,
          -7.6822555
        ]
      }
    },
    {
      "type": "Feature",
      "properties": {
        "name": "One Gym Center",
        "address": "WRJX+RCR, Ngrendeng, Kec. Gondang, Kabupaten Tulungagung, Jawa Timur 66263, Indonesia",
        "city": "Kabupaten Tulungagung",
        "rating": 4.6,
        "phone": "Tidak ada nomor"
      },
      "geometry": {
        "type": "Point",
        "coordinates": [
          111.8485273,
          -8.0678998
        ]
      }
    },
    {
      "type": "Feature",
      "properties": {
        "name": "Profit Gym",
        "address": "Jl. Sunanto No.93, Bendogerit, Kec. Sananwetan, Kota Blitar, Jawa Timur 66133, Indonesia",
        "city": "Kota Blitar",
        "rating": 4.2,
        "phone": "Tidak ada nomor"
      },
      "geometry": {
        "type": "Point",
        "coordinates": [
          112.1735444,
          -8.094777
        ]
      }
    },
    {
      "type": "Feature",
      "properties": {
        "name": "ReFIT Gym Gresik",
        "address": "Icon Mall Gresik, Jl. Raya Gresik - Babat No.788, Kembangan, Kec. Kebomas, Kabupaten Gresik, Jawa Timur 61124, Indonesia",
        "city": "Kabupaten Gresik",
        "rating": 4.8,
        "phone": "+62 31 30003838"
      },
      "geometry": {
        "type": "Point",
        "coordinates": [
          112.6022387,
          -7.1663998
        ]
      }
    },
    {
      "type": "Feature",
      "properties": {
        "name": "Eka Gym",
        "address": "Sukomulyo RT.14 RW.4 Kel, Jl. Raya Sukomulyo, Maduran, Roomo, Kec. Manyar, Kabupaten Gresik, Jawa Timur 61151, Indonesia",
        "city": "Kabupaten Gresik",
        "rating": 4.5,
        "phone": "+62 812-3529-618"
      },
      "geometry": {
        "type": "Point",
        "coordinates": [
          112.617532,
          -7.1343303
        ]
      }
    },
    {
      "type": "Feature",
      "properties": {
        "name": "Happy Gym Pare",
        "address": "Jl. Cokroaminoto No.22, Mulyoasri, Tulungrejo, Kec. Pare, Kabupaten Kediri, Jawa Timur 64212, Indonesia",
        "city": "Kabupaten Kediri",
        "rating": 4.6,
        "phone": "+62 822-6923-4966"
      },
      "geometry": {
        "type": "Point",
        "coordinates": [
          112.1978827,
          -7.7597676
        ]
      }
    },
    {
      "type": "Feature",
      "properties": {
        "name": "Fit Gym Body Languuage Aerobic",
        "address": "Jl. Urip Sumoharjo No.43, Karang Duwo, Sragen Tengah, Kec. Sragen, Kabupaten Sragen, Jawa Tengah 57211, Indonesia",
        "city": "Kabupaten Sragen",
        "rating": 4.3,
        "phone": "+62 858-7921-5800"
      },
      "geometry": {
        "type": "Point",
        "coordinates": [
          111.0242223,
          -7.4260609
        ]
      }
    },
    {
      "type": "Feature",
      "properties": {
        "name": "LIAUW's GYM",
        "address": "Jl.Gubernur Sunandar PS No.9, Sidowaras, Kraton, Kec. Krian, Kabupaten Sidoarjo, Jawa Timur 61262, Indonesia",
        "city": "Kabupaten Sidoarjo",
        "rating": 4.7,
        "phone": "+62 877-3102-2229"
      },
      "geometry": {
        "type": "Point",
        "coordinates": [
          112.5776556,
          -7.4018464
        ]
      }
    },
    {
      "type": "Feature",
      "properties": {
        "name": "D Profesional Fitness Gym",
        "address": "Gg. Salak No.40, RT.3/RW.1, Wagir, Parangargo, Kec. Wagir, Kabupaten Malang, Jawa Timur 65128, Indonesia",
        "city": "Kabupaten Malang",
        "rating": 4.6,
        "phone": "+62 813-3322-9825"
      },
      "geometry": {
        "type": "Point",
        "coordinates": [
          112.5904498,
          -8.0118627
        ]
      }
    },
    {
      "type": "Feature",
      "properties": {
        "name": "Heroes Gym and Sauna",
        "address": "Jl. Salak Tengah VII, Taman, Kec. Taman, Kota Madiun, Jawa Timur 63131, Indonesia",
        "city": "Kota Madiun",
        "rating": 4.6,
        "phone": "Tidak ada nomor"
      },
      "geometry": {
        "type": "Point",
        "coordinates": [
          111.5271566,
          -7.6453497
        ]
      }
    },
    {
      "type": "Feature",
      "properties": {
        "name": "Power Sports gym and Barber Haircuts",
        "address": "Jl. Ketupat II No.28, Dukuh, Baturan, Kec. Colomadu, Kabupaten Karanganyar, Jawa Tengah 57171, Indonesia",
        "city": "Kabupaten Karanganyar",
        "rating": 4.9,
        "phone": "Tidak ada nomor"
      },
      "geometry": {
        "type": "Point",
        "coordinates": [
          110.7827292,
          -7.5429559
        ]
      }
    },
    {
      "type": "Feature",
      "properties": {
        "name": "TOTAL FITNESS OFFICIAL STORE SOLO by UP FIT",
        "address": "Jl. Dr. Rajiman No.262, Sriwedari, Kec. Laweyan, Kota Surakarta, Jawa Tengah 57141, Indonesia",
        "city": "Kota Surakarta",
        "rating": 4.9,
        "phone": "+62 898-5333-397"
      },
      "geometry": {
        "type": "Point",
        "coordinates": [
          110.8151666,
          -7.5722321
        ]
      }
    },
    {
      "type": "Feature",
      "properties": {
        "name": "NIRVANA GYM",
        "address": "29WV+JX5, Curah Sawo, Sidodadi, Kec. Wongsorejo, Kabupaten Banyuwangi, Jawa Timur 68453, Indonesia",
        "city": "Kabupaten Banyuwangi",
        "rating": 5,
        "phone": "+62 823-3411-8678"
      },
      "geometry": {
        "type": "Point",
        "coordinates": [
          114.3949818,
          -7.9534921
        ]
      }
    },
    {
      "type": "Feature",
      "properties": {
        "name": "Along Cafe & Fitness Center Singo Mulyo",
        "address": "Singomulyo, Kedungdowo, Kec. Arjasa, Kabupaten Situbondo, Jawa Timur 68371, Indonesia",
        "city": "Kabupaten Situbondo",
        "rating": 4.8,
        "phone": "+62 851-3666-6091"
      },
      "geometry": {
        "type": "Point",
        "coordinates": [
          114.1474024,
          -7.748017
        ]
      }
    },
    {
      "type": "Feature",
      "properties": {
        "name": "YELLOW GYM",
        "address": "Jl. Raya Kediri - Blitar No.60, Wonorejo, Slemanan, Kec. Udanawu, Kabupaten Blitar, Jawa Timur 66154, Indonesia",
        "city": "Kabupaten Blitar",
        "rating": 4.8,
        "phone": "Tidak ada nomor"
      },
      "geometry": {
        "type": "Point",
        "coordinates": [
          112.0367785,
          -7.9957175
        ]
      }
    },
    {
      "type": "Feature",
      "properties": {
        "name": "SKFC Gym",
        "address": "Jl. Pesantren No.RT. 22, RT.22/RW.4, Widoyoko, Kamulan, Kec. Durenan, Kabupaten Trenggalek, Jawa Timur 66381, Indonesia",
        "city": "Kabupaten Trenggalek",
        "rating": 4.1,
        "phone": "+62 852-3198-3753"
      },
      "geometry": {
        "type": "Point",
        "coordinates": [
          111.8176272,
          -8.0987838
        ]
      }
    },
    {
      "type": "Feature",
      "properties": {
        "name": "gavril gym 2",
        "address": "VHQX+QRM, Jl. Raya Curungrejo, Blobo, Sukoharjo, Kec. Kepanjen, Kabupaten Malang, Jawa Timur 65163, Indonesia",
        "city": "Kabupaten Malang",
        "rating": 4.4,
        "phone": "Tidak ada nomor"
      },
      "geometry": {
        "type": "Point",
        "coordinates": [
          112.5995381,
          -8.1105386
        ]
      }
    },
    {
      "type": "Feature",
      "properties": {
        "name": "AMY'S FITNES GYM Mojosari",
        "address": "Jl. R. Wijaya No.104, Sambeng, Belahantengah, Kec. Mojosari, Kabupaten Mojokerto, Jawa Timur 61382, Indonesia",
        "city": "Kabupaten Mojokerto",
        "rating": 4.6,
        "phone": "+62 857-3316-6743"
      },
      "geometry": {
        "type": "Point",
        "coordinates": [
          112.5466708,
          -7.5316633
        ]
      }
    },
    {
      "type": "Feature",
      "properties": {
        "name": "VOC Gym and Fitness",
        "address": "Jl. Brawijaya No.72-66, Mangunrejo, Tulungrejo, Kec. Pare, Kabupaten Kediri, Jawa Timur 64212, Indonesia",
        "city": "Kabupaten Kediri",
        "rating": 4.6,
        "phone": "+62 822-3112-6411"
      },
      "geometry": {
        "type": "Point",
        "coordinates": [
          112.1825968,
          -7.7569807
        ]
      }
    },
    {
      "type": "Feature",
      "properties": {
        "name": "FIGHTER GYM, kenongo",
        "address": "Jl. Yos Sudarso, Ngambak, Beru, Kec. Wlingi, Kabupaten Blitar, Jawa Timur 66184, Indonesia",
        "city": "Kabupaten Blitar",
        "rating": 4.6,
        "phone": "+62 822-3030-6747"
      },
      "geometry": {
        "type": "Point",
        "coordinates": [
          112.3147915,
          -8.0899366
        ]
      }
    },
    {
      "type": "Feature",
      "properties": {
        "name": "Gaf Gym Gresik",
        "address": "Jl. Gamping No.9, RT.5 rw3, Suci, Pongangan, Kec. Manyar, Kabupaten Gresik, Jawa Timur 61151, Indonesia",
        "city": "Kabupaten Gresik",
        "rating": 4.6,
        "phone": "+62 852-3008-3307"
      },
      "geometry": {
        "type": "Point",
        "coordinates": [
          112.6087258,
          -7.1380779
        ]
      }
    },
    {
      "type": "Feature",
      "properties": {
        "name": "Twin GYM Rejotangan",
        "address": "V3HG+CQ5, Pundensari, Rejotangan, Kec. Rejotangan, Kabupaten Tulungagung, Jawa Timur 66293, Indonesia",
        "city": "Kabupaten Tulungagung",
        "rating": 4.9,
        "phone": "Tidak ada nomor"
      },
      "geometry": {
        "type": "Point",
        "coordinates": [
          112.0769889,
          -8.1214978
        ]
      }
    },
    {
      "type": "Feature",
      "properties": {
        "name": "Super Gym Blitar",
        "address": "Tanjungsari, Kec. Sukorejo, Kota Blitar, Jawa Timur 67122, Indonesia",
        "city": "Kota Blitar",
        "rating": 4.7,
        "phone": "Tidak ada nomor"
      },
      "geometry": {
        "type": "Point",
        "coordinates": [
          112.1489271,
          -8.0884644
        ]
      }
    },
    {
      "type": "Feature",
      "properties": {
        "name": "Mahkota Gym fitnes center",
        "address": "Jl No.4, RT.4/RW.2, Gondoroso, Japanan, Kec. Kemlagi, Kabupaten Mojokerto, Jawa Timur 61353, Indonesia",
        "city": "Kabupaten Mojokerto",
        "rating": 4.4,
        "phone": "+62 856-5517-6666"
      },
      "geometry": {
        "type": "Point",
        "coordinates": [
          112.3877951,
          -7.4277715
        ]
      }
    },
    {
      "type": "Feature",
      "properties": {
        "name": "Mabes Gym 212 Muscle Art",
        "address": "Jl. Letkol Suwarno No.33, Mojorejo, Kec. Taman, Kota Madiun, Jawa Timur 63139, Indonesia",
        "city": "Kota Madiun",
        "rating": 4.5,
        "phone": "+62 819-4613-3341"
      },
      "geometry": {
        "type": "Point",
        "coordinates": [
          111.5368703,
          -7.6399306
        ]
      }
    },
    {
      "type": "Feature",
      "properties": {
        "name": "BOLO DEWE GYM",
        "address": "344J+VRJ, Jalan Raya, Branggahan, Kunjang, Ngancar, Kediri Regency, East Java 64156, Indonesia",
        "city": "Kabupaten Kediri",
        "rating": 4.7,
        "phone": "+62 813-5902-1055"
      },
      "geometry": {
        "type": "Point",
        "coordinates": [
          112.1320031,
          -7.9427834
        ]
      }
    },
    {
      "type": "Feature",
      "properties": {
        "name": "Radja Gym",
        "address": "Jl. Merdeka No.11, Mangundikaran, Mangun Dikaran, Kec. Nganjuk, Kabupaten Nganjuk, Jawa Timur 64419, Indonesia",
        "city": "Kabupaten Nganjuk",
        "rating": 4.7,
        "phone": "+62 852-3313-9955"
      },
      "geometry": {
        "type": "Point",
        "coordinates": [
          111.9030914,
          -7.6033145
        ]
      }
    },
    {
      "type": "Feature",
      "properties": {
        "name": "Surya Gym Fitness Central",
        "address": "94VF+C8M, Purworejo, Karangpakis, Kec. Purwoasri, Kabupaten Kediri, Jawa Timur 64154, Indonesia",
        "city": "Kabupaten Kediri",
        "rating": 5,
        "phone": "Tidak ada nomor"
      },
      "geometry": {
        "type": "Point",
        "coordinates": [
          112.1232834,
          -7.6064118
        ]
      }
    },
    {
      "type": "Feature",
      "properties": {
        "name": "Tempat Gym Ngadiluwih",
        "address": "Jl. Prof. Dr. Mustopo No.17, Mitiran, Rembang, Kec. Ngadiluwih, Kabupaten Kediri, Jawa Timur 64171, Indonesia",
        "city": "Kabupaten Kediri",
        "rating": 5,
        "phone": "Tidak ada nomor"
      },
      "geometry": {
        "type": "Point",
        "coordinates": [
          111.9964356,
          -7.8880273
        ]
      }
    },
    {
      "type": "Feature",
      "properties": {
        "name": "Lion Gym",
        "address": "Jl. Lettu Suwolo No.31, Karang Pacar, Kec. Bojonegoro, Kabupaten Bojonegoro, Jawa Timur 62119, Indonesia",
        "city": "Kabupaten Bojonegoro",
        "rating": 4.3,
        "phone": "Tidak ada nomor"
      },
      "geometry": {
        "type": "Point",
        "coordinates": [
          111.8987231,
          -7.1452681
        ]
      }
    },
    {
      "type": "Feature",
      "properties": {
        "name": "ISHA GYM",
        "address": "Jl. Mayor Sujadi No.48, Srigading, Plosokandang, Kec. Kedungwaru, Kabupaten Tulungagung, Jawa Timur 66221, Indonesia",
        "city": "Kabupaten Tulungagung",
        "rating": 4.7,
        "phone": "+62 852-5956-9333"
      },
      "geometry": {
        "type": "Point",
        "coordinates": [
          111.9344789,
          -8.0803047
        ]
      }
    },
    {
      "type": "Feature",
      "properties": {
        "name": "Gym Center",
        "address": "7WGW+MR7, Jl. Sendang, Kaliboto, Kec. Tarokan, Kabupaten Kediri, Jawa Timur 64152, Indonesia",
        "city": "Kabupaten Kediri",
        "rating": 5,
        "phone": "Tidak ada nomor"
      },
      "geometry": {
        "type": "Point",
        "coordinates": [
          111.9470314,
          -7.7233363
        ]
      }
    },
    {
      "type": "Feature",
      "properties": {
        "name": "MASTER GYM",
        "address": "Jl. Ke Lengkong, Balong Rejo, Balonggebang, Kec. Gondang, Kabupaten Nganjuk, Jawa Timur 64451, Indonesia",
        "city": "Kabupaten Nganjuk",
        "rating": 5,
        "phone": "+62 852-3652-4599"
      },
      "geometry": {
        "type": "Point",
        "coordinates": [
          111.9806853,
          -7.5339053
        ]
      }
    },
    {
      "type": "Feature",
      "properties": {
        "name": "GYM OLALA (Khusus WANITA)",
        "address": "Jl. KH Surgi Desa Mengelo Selatan, Depan Lapangan, RT.003/RW.011, Sooko, Kec. Sooko, Kabupaten Mojokerto, Jawa Timur 61361, Indonesia",
        "city": "Kabupaten Mojokerto",
        "rating": 4.8,
        "phone": "+62 813-5794-9986"
      },
      "geometry": {
        "type": "Point",
        "coordinates": [
          112.4294577,
          -7.4963078
        ]
      }
    },
    {
      "type": "Feature",
      "properties": {
        "name": "Surya Gym",
        "address": "Jl. Raya Bringkang No.99, Karanganyar, Mojotengah, Kec. Menganti, Kabupaten Gresik, Jawa Timur 61174, Indonesia",
        "city": "Kabupaten Gresik",
        "rating": 4.5,
        "phone": "+62 815-5475-5380"
      },
      "geometry": {
        "type": "Point",
        "coordinates": [
          112.564238,
          -7.299104
        ]
      }
    },
    {
      "type": "Feature",
      "properties": {
        "name": "Santoso Gym",
        "address": "Jl. St., Kesamben, Kec. Kesamben, Kabupaten Blitar, Jawa Timur 66191, Indonesia",
        "city": "Kabupaten Blitar",
        "rating": 4.6,
        "phone": "+62 812-1758-8599"
      },
      "geometry": {
        "type": "Point",
        "coordinates": [
          112.3610757,
          -8.1474366
        ]
      }
    },
    {
      "type": "Feature",
      "properties": {
        "name": "the PAViLION gym & guest house Sragen",
        "address": "Jl. Merpati No.02, RT.03/RW.10, Banjar asri, Nglorog, Kec. Sragen, Kabupaten Sragen, Jawa Tengah 57215, Indonesia",
        "city": "Kabupaten Sragen",
        "rating": 4.8,
        "phone": "+62 812-1575-5054"
      },
      "geometry": {
        "type": "Point",
        "coordinates": [
          111.0383349,
          -7.4202796
        ]
      }
    },
    {
      "type": "Feature",
      "properties": {
        "name": "Azka Gym",
        "address": "FFQW+2M2, Dsn. Gusten, RT.08/RW.06, Punggul, Ngastemi, Kec. Bangsal, Kabupaten Mojokerto, Jawa Timur 61381, Indonesia",
        "city": "Kabupaten Mojokerto",
        "rating": 4.8,
        "phone": "+62 812-3290-6322"
      },
      "geometry": {
        "type": "Point",
        "coordinates": [
          112.4966345,
          -7.512479
        ]
      }
    },
    {
      "type": "Feature",
      "properties": {
        "name": "BAGAS GYM",
        "address": "C5W8+6CW, Dsn, Jl. Rejosari, Tinggar, Kec. Bandarkedungmulyo, Kabupaten Jombang, Jawa Timur 61462, Indonesia",
        "city": "Kabupaten Jombang",
        "rating": 4.9,
        "phone": "Tidak ada nomor"
      },
      "geometry": {
        "type": "Point",
        "coordinates": [
          112.1660821,
          -7.5543904
        ]
      }
    },
    {
      "type": "Feature",
      "properties": {
        "name": "OPTION GYM",
        "address": "Jl. Mawar Jambe No.5, Kalisoro, Kec. Tawangmangu, Kabupaten Karanganyar, Jawa Tengah 57792, Indonesia",
        "city": "Kabupaten Karanganyar",
        "rating": 4.4,
        "phone": "+62 895-4228-54685"
      },
      "geometry": {
        "type": "Point",
        "coordinates": [
          111.1365891,
          -7.6627473
        ]
      }
    },
    {
      "type": "Feature",
      "properties": {
        "name": "Kingdom Gym",
        "address": "Glundung, Pranti, Kec. Menganti, Kabupaten Gresik, Jawa Timur 61174, Indonesia",
        "city": "Kabupaten Gresik",
        "rating": 4.9,
        "phone": "Tidak ada nomor"
      },
      "geometry": {
        "type": "Point",
        "coordinates": [
          112.5337753,
          -7.2873374
        ]
      }
    },
    {
      "type": "Feature",
      "properties": {
        "name": "Spartans Gym",
        "address": "Jl. Cipto Mangunkusumo No.2, Banaran, Kec. Kertosono, Kabupaten Nganjuk, Jawa Timur 64311, Indonesia",
        "city": "Kabupaten Nganjuk",
        "rating": 4.7,
        "phone": "+62 823-3496-3546"
      },
      "geometry": {
        "type": "Point",
        "coordinates": [
          112.1086883,
          -7.5904426
        ]
      }
    },
    {
      "type": "Feature",
      "properties": {
        "name": "Garage 57 Gym",
        "address": "FQ5Q+W5R, Baluran, Baturan, Karanganyar, Kabupaten Karanganyar, Jawa Tengah 57171, Indonesia",
        "city": "Kabupaten Karanganyar",
        "rating": 4.6,
        "phone": "Tidak ada nomor"
      },
      "geometry": {
        "type": "Point",
        "coordinates": [
          110.7878798,
          -7.5401237
        ]
      }
    },
    {
      "type": "Feature",
      "properties": {
        "name": "Yoyo Gym Fitness",
        "address": "Pucangan, Kec. Ngrambe, Kabupaten Ngawi, Jawa Timur 63263, Indonesia",
        "city": "Kabupaten Ngawi",
        "rating": 4.6,
        "phone": "+62 823-0226-7007"
      },
      "geometry": {
        "type": "Point",
        "coordinates": [
          111.212796,
          -7.4866826
        ]
      }
    },
    {
      "type": "Feature",
      "properties": {
        "name": "DJ GYM",
        "address": "RT.01/RW.03, Doropayung, Doroampel, Kec. Sumbergempol, Kabupaten Tulungagung, Jawa Timur 66291, Indonesia",
        "city": "Kabupaten Tulungagung",
        "rating": 4.9,
        "phone": "+62 878-6583-5253"
      },
      "geometry": {
        "type": "Point",
        "coordinates": [
          111.9384098,
          -8.1075809
        ]
      }
    },
    {
      "type": "Feature",
      "properties": {
        "name": "Virgo Gym",
        "address": "Jl. Raya Boboh No.77, Gantang, Boboh, Kec. Menganti, Kabupaten Gresik, Jawa Timur 61174, Indonesia",
        "city": "Kabupaten Gresik",
        "rating": 4.1,
        "phone": "Tidak ada nomor"
      },
      "geometry": {
        "type": "Point",
        "coordinates": [
          112.5687032,
          -7.2506396
        ]
      }
    },
    {
      "type": "Feature",
      "properties": {
        "name": "Ebony Gym",
        "address": "Jl. Argowilis No.777, Bajang, Semen, Kec. Semen, Kabupaten Kediri, Jawa Timur 64161, Indonesia",
        "city": "Kabupaten Kediri",
        "rating": 4.7,
        "phone": "+62 354 772000"
      },
      "geometry": {
        "type": "Point",
        "coordinates": [
          111.9691345,
          -7.8287583
        ]
      }
    },
    {
      "type": "Feature",
      "properties": {
        "name": "Spartan Gym",
        "address": "Jl. Raya Kedung Rukem No.83, Lumpang, Sedapurklagen, Kec. Benjeng, Kabupaten Gresik, Jawa Timur 61172, Indonesia",
        "city": "Kabupaten Gresik",
        "rating": 4.8,
        "phone": "+62 857-3352-8725"
      },
      "geometry": {
        "type": "Point",
        "coordinates": [
          112.4824778,
          -7.2649128
        ]
      }
    },
    {
      "type": "Feature",
      "properties": {
        "name": "TRISTAR GYM",
        "address": "VV9R+2V8, Kendit, Tanggung, Kec. Campurdarat, Kabupaten Tulungagung, Jawa Timur 66272, Indonesia",
        "city": "Kabupaten Tulungagung",
        "rating": 4.8,
        "phone": "+62 856-4588-7764"
      },
      "geometry": {
        "type": "Point",
        "coordinates": [
          111.8922094,
          -8.1324683
        ]
      }
    },
    {
      "type": "Feature",
      "properties": {
        "name": "Crystal Fitness 2",
        "address": "Gg. Eyang, Kebaksari, Kemiri, Kec. Kebakkramat, Kabupaten Karanganyar, Jawa Tengah 57762, Indonesia",
        "city": "Kabupaten Karanganyar",
        "rating": 5,
        "phone": "+62 895-2293-1879"
      },
      "geometry": {
        "type": "Point",
        "coordinates": [
          110.9047304,
          -7.52332
        ]
      }
    },
    {
      "type": "Feature",
      "properties": {
        "name": "Dong Won Gym",
        "address": "Jl. Uler Kambang No.25a, Krajan, Tambakbayan, Kec. Ponorogo, Kabupaten Ponorogo, Jawa Timur 63419, Indonesia",
        "city": "Kabupaten Ponorogo",
        "rating": 4.6,
        "phone": "Tidak ada nomor"
      },
      "geometry": {
        "type": "Point",
        "coordinates": [
          111.4592224,
          -7.8678306
        ]
      }
    },
    {
      "type": "Feature",
      "properties": {
        "name": "Fighter gym, kertosono",
        "address": "Jl. Semeru, Gondang, Tanjung, Kec. Kertosono, Kabupaten Nganjuk, Jawa Timur 64315, Indonesia",
        "city": "Kabupaten Nganjuk",
        "rating": 5,
        "phone": "+62 856-4221-0596"
      },
      "geometry": {
        "type": "Point",
        "coordinates": [
          112.0872998,
          -7.619207
        ]
      }
    },
    {
      "type": "Feature",
      "properties": {
        "name": "Olies Gym & Studio",
        "address": "49H7+VJF, Sukosari, Kapuran, Kec. Badegan, Kabupaten Ponorogo, Jawa Timur 63455, Indonesia",
        "city": "Kabupaten Ponorogo",
        "rating": 4.9,
        "phone": "Tidak ada nomor"
      },
      "geometry": {
        "type": "Point",
        "coordinates": [
          111.3638059,
          -7.8705775
        ]
      }
    },
    {
      "type": "Feature",
      "properties": {
        "name": "ASDP Sport Center",
        "address": "R9XV+RWQ, Lkr. Kp. Baru, Bulusan, Kec. Kalipuro, Kabupaten Banyuwangi, Jawa Timur 68455, Indonesia",
        "city": "Kabupaten Banyuwangi",
        "rating": 3.4,
        "phone": "Tidak ada nomor"
      },
      "geometry": {
        "type": "Point",
        "coordinates": [
          114.3948573,
          -8.1504193
        ]
      }
    },
    {
      "type": "Feature",
      "properties": {
        "name": "WARGA FIT WONGSOREJO",
        "address": "Dusun Krajan, Wongsorejo, Kec. Wongsorejo, Kabupaten Banyuwangi, Jawa Timur, Indonesia",
        "city": "Kabupaten Banyuwangi",
        "rating": "Belum ada rating",
        "phone": "Tidak ada nomor"
      },
      "geometry": {
        "type": "Point",
        "coordinates": [
          114.4017938,
          -7.9899466
        ]
      }
    },
    {
      "type": "Feature",
      "properties": {
        "name": "Sumberwaru Club' GYM (SCG)",
        "address": "678X+FM7, Sumberanyar, Sumberwaru, Kec. Banyuputih, Kabupaten Situbondo, Jawa Timur 68374, Indonesia",
        "city": "Kabupaten Situbondo",
        "rating": 3.5,
        "phone": "+62 852-2852-8418"
      },
      "geometry": {
        "type": "Point",
        "coordinates": [
          114.298415,
          -7.7835733
        ]
      }
    },
    {
      "type": "Feature",
      "properties": {
        "name": "MAN OF STEEL GYM",
        "address": "Jl. KH. A. Dahlan No.18, Jombatan, Kec. Jombang, Kabupaten Jombang, Jawa Timur 61419, Indonesia",
        "city": "Kabupaten Jombang",
        "rating": 5,
        "phone": "+62 813-3000-0018"
      },
      "geometry": {
        "type": "Point",
        "coordinates": [
          112.2320489,
          -7.5548975
        ]
      }
    },
    {
      "type": "Feature",
      "properties": {
        "name": "Leon Gym",
        "address": "Jl. Diponegoro 5 No.07, Nganjuk, Ganung Kidul, Kec. Nganjuk, Kabupaten Nganjuk, Jawa Timur 64418, Indonesia",
        "city": "Kabupaten Nganjuk",
        "rating": 4.9,
        "phone": "+62 852-3239-3030"
      },
      "geometry": {
        "type": "Point",
        "coordinates": [
          111.9041079,
          -7.605484
        ]
      }
    },
    {
      "type": "Feature",
      "properties": {
        "name": "Merapi Gym",
        "address": "FQM9+VV4, Kanoman, RT.01/RW.08, Kelipan, Gagaksipat, Kec. Ngemplak, Kabupaten Boyolali, Jawa Tengah 57375, Indonesia",
        "city": "Kabupaten Boyolali",
        "rating": 3.7,
        "phone": "Tidak ada nomor"
      },
      "geometry": {
        "type": "Point",
        "coordinates": [
          110.7697003,
          -7.5153664
        ]
      }
    },
    {
      "type": "Feature",
      "properties": {
        "name": "UNTRI GYM",
        "address": "JPPR+5RV, Jl. Suruh - Karanggede, Suruwoh, Andong, Kec. Andong, Kabupaten Boyolali, Jawa Tengah 57384, Indonesia",
        "city": "Kabupaten Boyolali",
        "rating": 5,
        "phone": "+62 822-1142-6603"
      },
      "geometry": {
        "type": "Point",
        "coordinates": [
          110.7420368,
          -7.3645229
        ]
      }
    },
    {
      "type": "Feature",
      "properties": {
        "name": "Galaxy Gym",
        "address": "Desa, Unnamed Road, RT.1/RW.1, Kuten, Karangkuten, Kec. Gondang, Kabupaten Mojokerto, Jawa Timur 61372, Indonesia",
        "city": "Kabupaten Mojokerto",
        "rating": 4.9,
        "phone": "+62 896-6895-8254"
      },
      "geometry": {
        "type": "Point",
        "coordinates": [
          112.4509934,
          -7.5985619
        ]
      }
    },
    {
      "type": "Feature",
      "properties": {
        "name": "My Gym",
        "address": "Jl. Natuna No.21, Nurmanan, Mangkujayan, Kec. Ponorogo, Kabupaten Ponorogo, Jawa Timur 63413, Indonesia",
        "city": "Kabupaten Ponorogo",
        "rating": 4.4,
        "phone": "+62 838-4505-5000"
      },
      "geometry": {
        "type": "Point",
        "coordinates": [
          111.4624353,
          -7.861694
        ]
      }
    },
    {
      "type": "Feature",
      "properties": {
        "name": "MASTER GYM",
        "address": "Jl. Harinjing, Sukabumi, Siman, Kec. Kepung, Kabupaten Kediri, Jawa Timur 64293, Indonesia",
        "city": "Kabupaten Kediri",
        "rating": 5,
        "phone": "+62 822-2296-01455"
      },
      "geometry": {
        "type": "Point",
        "coordinates": [
          112.286723,
          -7.8099242
        ]
      }
    },
    {
      "type": "Feature",
      "properties": {
        "name": "ASTRO GYM KERTOSONO",
        "address": "Ruko P.Sudirman No.F 6, Kepuh, Kec. Kertosono, Kabupaten Nganjuk, Jawa Timur 64311, Indonesia",
        "city": "Kabupaten Nganjuk",
        "rating": 4,
        "phone": "Tidak ada nomor"
      },
      "geometry": {
        "type": "Point",
        "coordinates": [
          112.0968606,
          -7.6007087
        ]
      }
    },
    {
      "type": "Feature",
      "properties": {
        "name": "Dailyfit Gym & Cafe",
        "address": "Jl. Mastrip I No.18, Nganjuk, Ganung Kidul, Kec. Nganjuk, Kabupaten Nganjuk, Jawa Timur 64419, Indonesia",
        "city": "Kabupaten Nganjuk",
        "rating": 4.7,
        "phone": "+62 821-4385-7607"
      },
      "geometry": {
        "type": "Point",
        "coordinates": [
          111.9096626,
          -7.6026519
        ]
      }
    },
    {
      "type": "Feature",
      "properties": {
        "name": "AZEL GYM",
        "address": "Jl. Dusun Sarangan RT.24/RW.4 Timur lapangan KRANDEGAN ke selatan 50 METER, Pikatan, Krandegan, Kec. Kb. Sari, Kabupaten Madiun, Jawa Timur 63173, Indonesia",
        "city": "Kabupaten Madiun",
        "rating": 4.6,
        "phone": "+62 813-3578-7578"
      },
      "geometry": {
        "type": "Point",
        "coordinates": [
          111.5094412,
          -7.7470323
        ]
      }
    },
    {
      "type": "Feature",
      "properties": {
        "name": "Sulthan Gym Trowulan",
        "address": "Dusun Unggahan, RT.2/RW.2, Trowulan, Kec. Trowulan, Kabupaten Mojokerto, Jawa Timur 61362, Indonesia",
        "city": "Kabupaten Mojokerto",
        "rating": 4.6,
        "phone": "+62 812-2263-9999"
      },
      "geometry": {
        "type": "Point",
        "coordinates": [
          112.3871139,
          -7.5561941
        ]
      }
    },
    {
      "type": "Feature",
      "properties": {
        "name": "Juve Muscle Gym",
        "address": "Jl. Ponorogo - Pacitan No.20, Glagah, Karangan, Kec. Ponorogo, Kabupaten Ponorogo, Jawa Timur 63461, Indonesia",
        "city": "Kabupaten Ponorogo",
        "rating": 4.2,
        "phone": "+62 813-3542-3612"
      },
      "geometry": {
        "type": "Point",
        "coordinates": [
          111.4368466,
          -7.9588051
        ]
      }
    },
    {
      "type": "Feature",
      "properties": {
        "name": "NETT GYM & SANGGAR SENAM",
        "address": "Brumbung, Tuko, Kec. Pulokulon, Kabupaten Grobogan, Jawa Tengah 58181, Indonesia",
        "city": "Kabupaten Grobogan",
        "rating": 5,
        "phone": "+62 895-4150-85156"
      },
      "geometry": {
        "type": "Point",
        "coordinates": [
          111.0887074,
          -7.1300701
        ]
      }
    },
    {
      "type": "Feature",
      "properties": {
        "name": "Gym Tattoo Studio",
        "address": "Jl. Pamenang No.39, Sukorejo, Kec. Gurah, Kabupaten Kediri, Jawa Timur 64181, Indonesia",
        "city": "Kabupaten Kediri",
        "rating": 5,
        "phone": "Tidak ada nomor"
      },
      "geometry": {
        "type": "Point",
        "coordinates": [
          112.0899419,
          -7.8059311
        ]
      }
    },
    {
      "type": "Feature",
      "properties": {
        "name": "PRIMA GYM Mojorayung Madiun",
        "address": "Belakang SDN No.01, Tambak, Mojorayung, Kec. Wungu, Kabupaten Madiun, Jawa Timur 63181, Indonesia",
        "city": "Kabupaten Madiun",
        "rating": 4.5,
        "phone": "+62 815-4511-8010"
      },
      "geometry": {
        "type": "Point",
        "coordinates": [
          111.5679294,
          -7.6336168
        ]
      }
    },
    {
      "type": "Feature",
      "properties": {
        "name": "STAR GYM",
        "address": "Jl. Surodinawan No.205, Sambi Rejo, Surodinawan, Kec. Prajurit Kulon, Kota Mojokerto, Jawa Timur 61328, Indonesia",
        "city": "Kota Mojokerto",
        "rating": 5,
        "phone": "+62 812-4668-9898"
      },
      "geometry": {
        "type": "Point",
        "coordinates": [
          112.4203081,
          -7.4939339
        ]
      }
    },
    {
      "type": "Feature",
      "properties": {
        "name": "Piranha Swimming Club, Piranha Gym, Sanggar senam Piranha",
        "address": "Jl. Anturium / Pesaren, Manisan, Munggut, Kec. Wungu, Kabupaten Madiun, Jawa Timur 63181, Indonesia",
        "city": "Kabupaten Madiun",
        "rating": 4,
        "phone": "+62 857-3047-9627"
      },
      "geometry": {
        "type": "Point",
        "coordinates": [
          111.5427394,
          -7.6515839
        ]
      }
    },
    {
      "type": "Feature",
      "properties": {
        "name": "Ros Gym",
        "address": "Dusun Kasiyan, RT.3/RW.3, Pohkecik, Kec. Dlanggu, Kabupaten Mojokerto, Jawa Timur 61371, Indonesia",
        "city": "Kabupaten Mojokerto",
        "rating": 4.5,
        "phone": "+62 812-3411-6167"
      },
      "geometry": {
        "type": "Point",
        "coordinates": [
          112.4836421,
          -7.5553744
        ]
      }
    },
    {
      "type": "Feature",
      "properties": {
        "name": "Hasil Laut Sport Center Gym, Badminton, Futsal and aerobic",
        "address": "Jl. Poros Penganden No.11, Suci, Peganden, Kec. Manyar, Kabupaten Gresik, Jawa Timur 61151, Indonesia",
        "city": "Kabupaten Gresik",
        "rating": 4.3,
        "phone": "+62 856-0602-5758"
      },
      "geometry": {
        "type": "Point",
        "coordinates": [
          112.5956621,
          -7.1347685
        ]
      }
    },
    {
      "type": "Feature",
      "properties": {
        "name": "MR KING GYM",
        "address": "7F9C+7F2, Jl. Hasanudin, kepoh bener, Rejosari, Kec. Kb. Sari, Kabupaten Madiun, Jawa Timur 63173, Indonesia",
        "city": "Kabupaten Madiun",
        "rating": 4.9,
        "phone": "+62 882-1741-6603"
      },
      "geometry": {
        "type": "Point",
        "coordinates": [
          111.4708431,
          -7.7318631
        ]
      }
    },
    {
      "type": "Feature",
      "properties": {
        "name": "Attar Club House",
        "address": "66QG+Q8G, Unnamed Road, Awar Awar, Awar-Awar, Kec. Asembagus, Kabupaten Situbondo, Jawa Timur 68373, Indonesia",
        "city": "Kabupaten Situbondo",
        "rating": 3.4,
        "phone": "Tidak ada nomor"
      },
      "geometry": {
        "type": "Point",
        "coordinates": [
          114.2258132,
          -7.7605608
        ]
      }
    },
    {
      "type": "Feature",
      "properties": {
        "name": "KMI STADIUM FUTSAL DAN BADMINTON",
        "address": "Jl. Gatot Subroto No.11, Lingkungan Tj., Klatak, Kec. Kalipuro, Kabupaten Banyuwangi, Jawa Timur 68421, Indonesia",
        "city": "Kabupaten Banyuwangi",
        "rating": 4.1,
        "phone": "+62 822-3036-30678"
      },
      "geometry": {
        "type": "Point",
        "coordinates": [
          114.3954941,
          -8.1547327
        ]
      }
    },
    {
      "type": "Feature",
      "properties": {
        "name": "Nc Arwidaz Fit",
        "address": "Dusun Kebunrejo, Alasrejo, Kec. Wongsorejo, Kabupaten Banyuwangi, Jawa Timur, Indonesia",
        "city": "Kabupaten Banyuwangi",
        "rating": "Belum ada rating",
        "phone": "Tidak ada nomor"
      },
      "geometry": {
        "type": "Point",
        "coordinates": [
          114.3967601,
          -7.9798762
        ]
      }
    },
    {
      "type": "Feature",
      "properties": {
        "name": "Lapangan Sepak Bola Sinar Pagi",
        "address": "R8RF+F7Q, Gayam, Kec. Gayam, Kabupaten Sumenep, Jawa Timur 69483, Indonesia",
        "city": "Kabupaten Sumenep",
        "rating": 3.7,
        "phone": "Tidak ada nomor"
      },
      "geometry": {
        "type": "Point",
        "coordinates": [
          114.3232326,
          -7.1587833
        ]
      }
    },
    {
      "type": "Feature",
      "properties": {
        "name": "Glora Fatana Fc Stadium",
        "address": "R8WC+VQ7, Gerdana, Jambuir, Kec. Gayam, Kabupaten Sumenep, Jawa Timur 69483, Indonesia",
        "city": "Kabupaten Sumenep",
        "rating": 5,
        "phone": "+62 853-3763-7197"
      },
      "geometry": {
        "type": "Point",
        "coordinates": [
          114.3219331,
          -7.1528499
        ]
      }
    },
    {
      "type": "Feature",
      "properties": {
        "name": "Garasi",
        "address": "7637+F3H, Jalan Raya, Trigonco Utara, Trigonco, Kec. Asembagus, Kabupaten Situbondo, Jawa Timur 68373, Indonesia",
        "city": "Kabupaten Situbondo",
        "rating": "Belum ada rating",
        "phone": "Tidak ada nomor"
      },
      "geometry": {
        "type": "Point",
        "coordinates": [
          114.212641,
          -7.7463166
        ]
      }
    },
    {
      "type": "Feature",
      "properties": {
        "name": "Spider futsal",
        "address": "7635+XRR, Krajan Tengah, Asembagus, Kec. Asembagus, Kabupaten Situbondo, Jawa Timur 68373, Indonesia",
        "city": "Kabupaten Situbondo",
        "rating": 5,
        "phone": "Tidak ada nomor"
      },
      "geometry": {
        "type": "Point",
        "coordinates": [
          114.2095266,
          -7.7450053
        ]
      }
    },
    {
      "type": "Feature",
      "properties": {
        "name": "Ortho Guy Boxing Camp",
        "address": "X52C+JR4, Margahayu, Kalianyar, Kec. Ijen, Kabupaten Bondowoso, Jawa Timur 68288, Indonesia",
        "city": "Kabupaten Bondowoso",
        "rating": 5,
        "phone": "Tidak ada nomor"
      },
      "geometry": {
        "type": "Point",
        "coordinates": [
          114.1720935,
          -8.0484873
        ]
      }
    },
    {
      "type": "Feature",
      "properties": {
        "name": "water park kalisat",
        "address": "2532+6PR, Unnamed Road, Kalisari, Kalisat, Kec. Ijen, Kabupaten Bondowoso, Jawa Timur 68288, Indonesia",
        "city": "Kabupaten Bondowoso",
        "rating": 1,
        "phone": "+62 823-3044-2260"
      },
      "geometry": {
        "type": "Point",
        "coordinates": [
          114.151758,
          -7.9968858
        ]
      }
    },
    {
      "type": "Feature",
      "properties": {
        "name": "Emang biliard",
        "address": "3C65+FR8, Bimoaseman, Bimorejo, Kec. Wongsorejo, Kabupaten Banyuwangi, Jawa Timur 68453, Indonesia",
        "city": "Kabupaten Banyuwangi",
        "rating": 1,
        "phone": "+62 852-1396-5731"
      },
      "geometry": {
        "type": "Point",
        "coordinates": [
          114.409584,
          -7.9388453
        ]
      }
    },
    {
      "type": "Feature",
      "properties": {
        "name": "Sakra gym lojikka",
        "address": "Jl. KH Agus Salim No.73-75, Kenayan, Kec. Tulungagung, Kabupaten Tulungagung, Jawa Timur 66212, Indonesia",
        "city": "Kabupaten Tulungagung",
        "rating": 5,
        "phone": "Tidak ada nomor"
      },
      "geometry": {
        "type": "Point",
        "coordinates": [
          111.9027799,
          -8.0605304
        ]
      }
    },
    {
      "type": "Feature",
      "properties": {
        "name": "Ansan so fitnes gym & senam",
        "address": "9Q2X+GG5, Sawah, Sonorejo, Kec. Sukoharjo, Kabupaten Sukoharjo, Jawa Tengah 57551, Indonesia",
        "city": "Kabupaten Sukoharjo",
        "rating": 4.6,
        "phone": "+62 858-6717-7734"
      },
      "geometry": {
        "type": "Point",
        "coordinates": [
          110.7993835,
          -7.6486479
        ]
      }
    },
    {
      "type": "Feature",
      "properties": {
        "name": "Sehati GSF (Gym-Skincare-Saunna-Fitness)",
        "address": "Jl. Dr. Sutomo, Ngeblek, Pelem, Kec. Pare, Kabupaten Kediri, Jawa Timur 64213, Indonesia",
        "city": "Kabupaten Kediri",
        "rating": 4.7,
        "phone": "+62 821-3228-9580"
      },
      "geometry": {
        "type": "Point",
        "coordinates": [
          112.1653155,
          -7.7668977
        ]
      }
    },
    {
      "type": "Feature",
      "properties": {
        "name": "Griya Fitness Zansibarr Gym",
        "address": "Jl. Puspowarno No.94, Area Sawah, Tambakbayan, Kec. Ponorogo, Kabupaten Ponorogo, Jawa Timur 63413, Indonesia",
        "city": "Kabupaten Ponorogo",
        "rating": 4.8,
        "phone": "+62 352 462888"
      },
      "geometry": {
        "type": "Point",
        "coordinates": [
          111.4554709,
          -7.863828
        ]
      }
    },
    {
      "type": "Feature",
      "properties": {
        "name": "THE KILLER GYM",
        "address": "GVPH+GV7, Jl. Mayor Achmadi, Dusun II, Pungsari, Kec. Plupuh, Kabupaten Sragen, Jawa Tengah 57283, Indonesia",
        "city": "Kabupaten Sragen",
        "rating": 5,
        "phone": "+62 813-9126-8346"
      },
      "geometry": {
        "type": "Point",
        "coordinates": [
          110.8796772,
          -7.4637151
        ]
      }
    },
    {
      "type": "Feature",
      "properties": {
        "name": "Victory Gym",
        "address": "Jl. Mayjen Sungkono No.116, Mergelo, Wates, Kec. Magersari, Kota Mojokerto, Jawa Timur 61317, Indonesia",
        "city": "Kota Mojokerto",
        "rating": 5,
        "phone": "+62 877-9856-0819"
      },
      "geometry": {
        "type": "Point",
        "coordinates": [
          112.4449469,
          -7.4534898
        ]
      }
    },
    {
      "type": "Feature",
      "properties": {
        "name": "WARRIOR GYM BAURENO",
        "address": "Jl. Raya Gunungsari, Karan, Baureno, Kec. Babat, Kabupaten Bojonegoro, Jawa Timur 62192, Indonesia",
        "city": "Kabupaten Bojonegoro",
        "rating": 4.8,
        "phone": "+62 813-5705-5555"
      },
      "geometry": {
        "type": "Point",
        "coordinates": [
          112.1459837,
          -7.1237458
        ]
      }
    },
    {
      "type": "Feature",
      "properties": {
        "name": "BAJA GYM GALAXY",
        "address": "jln. galaxy 1, Wulung, Kec. Randublatung, Kabupaten Blora, Jawa Tengah 58382, Indonesia",
        "city": "Kabupaten Blora",
        "rating": 5,
        "phone": "+62 813-2867-9842"
      },
      "geometry": {
        "type": "Point",
        "coordinates": [
          111.3966733,
          -7.1947553
        ]
      }
    },
    {
      "type": "Feature",
      "properties": {
        "name": "Triumph gym keret",
        "address": "GJ88+HX7, Keret, Kec. Krembung, Kabupaten Sidoarjo, Jawa Timur 61273, Indonesia",
        "city": "Kabupaten Sidoarjo",
        "rating": 4.2,
        "phone": "+62 895-3400-55501"
      },
      "geometry": {
        "type": "Point",
        "coordinates": [
          112.6174348,
          -7.4835933
        ]
      }
    },
    {
      "type": "Feature",
      "properties": {
        "name": "Lia Salon & Gym FITNESS",
        "address": "8G29+8PW, Nglandung Satu, Nglandung, Kec. Geger, Kabupaten Madiun, Jawa Timur 63171, Indonesia",
        "city": "Kabupaten Madiun",
        "rating": 4.8,
        "phone": "+62 811-3243-567"
      },
      "geometry": {
        "type": "Point",
        "coordinates": [
          111.5220366,
          -7.6989441
        ]
      }
    },
    {
      "type": "Feature",
      "properties": {
        "name": "Joglo poci CAFE & GYM",
        "address": "Jl. Yos Sudarso, Ngambak, Beru, Kec. Wlingi, Kabupaten Blitar, Jawa Timur 66184, Indonesia",
        "city": "Kabupaten Blitar",
        "rating": 3.9,
        "phone": "Tidak ada nomor"
      },
      "geometry": {
        "type": "Point",
        "coordinates": [
          112.3148309,
          -8.089762
        ]
      }
    },
    {
      "type": "Feature",
      "properties": {
        "name": "Namdong Gym fitnes bancar",
        "address": "2F54+42C, Jl. Pemuda, Sembung, Bungkal, Kec. Bungkal, Kabupaten Ponorogo, Jawa Timur 63462, Indonesia",
        "city": "Kabupaten Ponorogo",
        "rating": 5,
        "phone": "+62 819-3874-1366"
      },
      "geometry": {
        "type": "Point",
        "coordinates": [
          111.455024,
          -7.9921978
        ]
      }
    },
    {
      "type": "Feature",
      "properties": {
        "name": "kolam renang jakuzzi sauna gym spa Atlas Sports Club",
        "address": "Jl. Supriadi No.41, Jepun, Kec. Tulungagung, Kabupaten Tulungagung, Jawa Timur 66218, Indonesia",
        "city": "Kabupaten Tulungagung",
        "rating": 4.3,
        "phone": "+62 355 331321"
      },
      "geometry": {
        "type": "Point",
        "coordinates": [
          111.9048573,
          -8.0733368
        ]
      }
    },
    {
      "type": "Feature",
      "properties": {
        "name": "AY Gym & Fitness",
        "address": "Salak, RT.02/RW.03, Salak, Giripurwo, Kec. Wonogiri, Kabupaten Wonogiri, Jawa Tengah 57612, Indonesia",
        "city": "Kabupaten Wonogiri",
        "rating": 4.8,
        "phone": "+62 822-2588-1692"
      },
      "geometry": {
        "type": "Point",
        "coordinates": [
          110.9256743,
          -7.811432
        ]
      }
    },
    {
      "type": "Feature",
      "properties": {
        "name": "Satria Gym Fitness Center & Angkringan Coffee",
        "address": "Jl. Kamas Setyoadi 002, RT.006, Sambiroto, Kec. Sooko, Kabupaten Mojokerto, Jawa Timur 61361, Indonesia",
        "city": "Kabupaten Mojokerto",
        "rating": 4.7,
        "phone": "Tidak ada nomor"
      },
      "geometry": {
        "type": "Point",
        "coordinates": [
          112.4157153,
          -7.516305
        ]
      }
    },
    {
      "type": "Feature",
      "properties": {
        "name": "seleb club",
        "address": "Jl. RE. Martadinata No.84, Kepatihan, Kec. Jombang, Kabupaten Jombang, Jawa Timur 61419, Indonesia",
        "city": "Kabupaten Jombang",
        "rating": 3.7,
        "phone": "+62 813-3149-6839"
      },
      "geometry": {
        "type": "Point",
        "coordinates": [
          112.2329372,
          -7.5408345
        ]
      }
    },
    {
      "type": "Feature",
      "properties": {
        "name": "Kembar gym",
        "address": "4CJC+XVG, Jl. Boh Gede, Cuwet, Plosojenar, Kec. Kauman, Kabupaten Ponorogo, Jawa Timur 63453, Indonesia",
        "city": "Kabupaten Ponorogo",
        "rating": 5,
        "phone": "Tidak ada nomor"
      },
      "geometry": {
        "type": "Point",
        "coordinates": [
          111.4222047,
          -7.8675613
        ]
      }
    },
    {
      "type": "Feature",
      "properties": {
        "name": "GYM & SANGGAR SENAM \"ADINDA\"",
        "address": "Tlogo Bedah, Hulaan, Kec. Menganti, Kabupaten Gresik, Jawa Timur 61174, Indonesia",
        "city": "Kabupaten Gresik",
        "rating": 4.5,
        "phone": "+62 812-5950-7409"
      },
      "geometry": {
        "type": "Point",
        "coordinates": [
          112.5858595,
          -7.283458
        ]
      }
    },
    {
      "type": "Feature",
      "properties": {
        "name": "Ganesha Gym",
        "address": "CWJG+CVQ, Area Sawah Dan Perkebunan, Pandeyan, Kec. Tasikmadu, Kabupaten Karanganyar, Jawa Tengah 57722, Indonesia",
        "city": "Kabupaten Karanganyar",
        "rating": 3.7,
        "phone": "Tidak ada nomor"
      },
      "geometry": {
        "type": "Point",
        "coordinates": [
          110.9272418,
          -7.568909
        ]
      }
    },
    {
      "type": "Feature",
      "properties": {
        "name": "RM Tirta Mas-Kolam Renang-Family Gym",
        "address": "Jl. Batu Jamus Manisrenggo, RT.06, Banyudono, Mojodoyong, Kec. Kedawung, Kabupaten Sragen, Jawa Tengah 57292, Indonesia",
        "city": "Kabupaten Sragen",
        "rating": 4.1,
        "phone": "+62 813-2921-1088"
      },
      "geometry": {
        "type": "Point",
        "coordinates": [
          111.0411083,
          -7.5208474
        ]
      }
    },
    {
      "type": "Feature",
      "properties": {
        "name": "Auto Gym",
        "address": "FM33+547, Jl. Panjaitan, RT.10/RW.03, Caruban, Krajan, Kec. Mejayan, Kabupaten Madiun, Jawa Timur 63157, Indonesia",
        "city": "Kabupaten Madiun",
        "rating": 4.7,
        "phone": "Tidak ada nomor"
      },
      "geometry": {
        "type": "Point",
        "coordinates": [
          111.6528101,
          -7.5470754
        ]
      }
    },
    {
      "type": "Feature",
      "properties": {
        "name": "'GG gym'",
        "address": "Jl. Pahlawan Gg. III No.40, Kedung Indah, Kedungwaru, Kec. Kedungwaru, Kabupaten Tulungagung, Jawa Timur 66224, Indonesia",
        "city": "Kabupaten Tulungagung",
        "rating": 5,
        "phone": "+62 878-7360-8763"
      },
      "geometry": {
        "type": "Point",
        "coordinates": [
          111.9110982,
          -8.0516872
        ]
      }
    },
    {
      "type": "Feature",
      "properties": {
        "name": "Gym Olahraga Dewasa",
        "address": "5GX5+3JX, Pulau Tidung, Kec. Kepulauan Seribu Sel., Kab. Administrasi Kepulauan Seribu, Daerah Khusus Ibukota Jakarta 14520, Indonesia",
        "city": "Kab. Administrasi Kepulauan Seribu",
        "rating": "Belum ada rating",
        "phone": "Tidak ada nomor"
      },
      "geometry": {
        "type": "Point",
        "coordinates": [
          106.509191,
          -5.8023102
        ]
      }
    },
    {
      "type": "Feature",
      "properties": {
        "name": "Don Gym Fitness",
        "address": "Jl. Parang Kembang Raya No.26, Tlogosari Kulon, Kec. Pedurungan, Kota Semarang, Jawa Tengah 50196, Indonesia",
        "city": "Kota Semarang",
        "rating": 4.8,
        "phone": "+62 856-4148-4212"
      },
      "geometry": {
        "type": "Point",
        "coordinates": [
          110.4592501,
          -6.9869688
        ]
      }
    },
    {
      "type": "Feature",
      "properties": {
        "name": "Seven.co Gym",
        "address": "Sebelah bank BRI, Jalan Raya Timur Nomor 52 RT005 RW005 Kutoharjo, Gadukan, Nolokerto, Kec. Kaliwungu, Kabupaten Kendal, Jawa Tengah 51372, Indonesia",
        "city": "Kabupaten Kendal",
        "rating": 5,
        "phone": "+62 855-5106-7890"
      },
      "geometry": {
        "type": "Point",
        "coordinates": [
          110.258485,
          -6.9630687
        ]
      }
    },
    {
      "type": "Feature",
      "properties": {
        "name": "UB GYM Semarang",
        "address": "Jl. Tlogo Timun 2 No.10, RT.04/RW.01, Tlogosari Kulon, Kec. Pedurungan, Kota Semarang, Jawa Tengah 50196, Indonesia",
        "city": "Kota Semarang",
        "rating": 4.9,
        "phone": "+62 857-9999-3544"
      },
      "geometry": {
        "type": "Point",
        "coordinates": [
          110.4592411,
          -6.9909945
        ]
      }
    },
    {
      "type": "Feature",
      "properties": {
        "name": "Hart Gym",
        "address": "Jl. Papandayan No.48, Gajahmungkur, Kec. Gajahmungkur, Kota Semarang, Jawa Tengah 50232, Indonesia",
        "city": "Kota Semarang",
        "rating": 4.8,
        "phone": "+62 858-7776-0551"
      },
      "geometry": {
        "type": "Point",
        "coordinates": [
          110.4045082,
          -7.0122613
        ]
      }
    },
    {
      "type": "Feature",
      "properties": {
        "name": "Eleven gym",
        "address": "Jl. Panda Tim. No.11-21, Palebon, Kec. Pedurungan, Kota Semarang, Jawa Tengah 50246, Indonesia",
        "city": "Kota Semarang",
        "rating": 4.8,
        "phone": "Tidak ada nomor"
      },
      "geometry": {
        "type": "Point",
        "coordinates": [
          110.4643438,
          -7.0045024
        ]
      }
    },
    {
      "type": "Feature",
      "properties": {
        "name": "Trembesi gym",
        "address": "Jl Desa Wonorejo, RT.3/RW.1, Grobog, Wonorejo, Kec. Tlogowungu, Kabupaten Pati, Jawa Tengah 59161, Indonesia",
        "city": "Kabupaten Pati",
        "rating": 5,
        "phone": "+62 812-8194-9085"
      },
      "geometry": {
        "type": "Point",
        "coordinates": [
          111.0430542,
          -6.7094148
        ]
      }
    },
    {
      "type": "Feature",
      "properties": {
        "name": "Anhesa Gym (Fitness)",
        "address": "Jl. Raya Banaran No.21, Sekaran, Kec. Gn. Pati, Kota Semarang, Jawa Tengah 50229, Indonesia",
        "city": "Kota Semarang",
        "rating": 4.8,
        "phone": "+62 897-6576-576"
      },
      "geometry": {
        "type": "Point",
        "coordinates": [
          110.3900909,
          -7.0465505
        ]
      }
    },
    {
      "type": "Feature",
      "properties": {
        "name": "Rainbow gym",
        "address": "XF7C+MV4 Perumahan tulus harapan, Blk. C, RT.9/RW.9, Sendangmulyo, Kec. Tembalang, Kota Semarang, Jawa Tengah 50272, Indonesia",
        "city": "Kota Semarang",
        "rating": 4.7,
        "phone": "+62 821-3857-8345"
      },
      "geometry": {
        "type": "Point",
        "coordinates": [
          110.4722137,
          -7.0358715
        ]
      }
    },
    {
      "type": "Feature",
      "properties": {
        "name": "FitNation Gym",
        "address": "Jl. Letnan Jenderal S. Parman No.48 A, Gajahmungkur, Kec. Gajahmungkur, Kota Semarang, Jawa Tengah 50231, Indonesia",
        "city": "Kota Semarang",
        "rating": 4.6,
        "phone": "+62 877-0007-0580"
      },
      "geometry": {
        "type": "Point",
        "coordinates": [
          110.4109887,
          -7.0046912
        ]
      }
    },
    {
      "type": "Feature",
      "properties": {
        "name": "ZKA Fitness and Gym",
        "address": "Mijen, Kec. Mijen, Kota Semarang, Jawa Tengah 50519, Indonesia",
        "city": "Kota Semarang",
        "rating": 4.7,
        "phone": "+62 852-9286-8510"
      },
      "geometry": {
        "type": "Point",
        "coordinates": [
          110.3180538,
          -7.0535464
        ]
      }
    },
    {
      "type": "Feature",
      "properties": {
        "name": "Sahabat Gym",
        "address": "Jl. Patiunus VI Jl. Pati Unus VI Gg. Buntu, Sambirejo, Kec. Gayamsari, Kota Semarang, Jawa Tengah 50142, Indonesia",
        "city": "Kota Semarang",
        "rating": 4.9,
        "phone": "+62 856-2475-7303"
      },
      "geometry": {
        "type": "Point",
        "coordinates": [
          110.4434546,
          -6.9885351
        ]
      }
    },
    {
      "type": "Feature",
      "properties": {
        "name": "SriJaya Club Gym & Studio",
        "address": "Jl. Pajeksan No.26, Rw. 1, Pajeksan, Kec. Juwana, Kabupaten Pati, Jawa Tengah 59185, Indonesia",
        "city": "Kabupaten Pati",
        "rating": 4.9,
        "phone": "+62 813-9332-6801"
      },
      "geometry": {
        "type": "Point",
        "coordinates": [
          111.1465432,
          -6.7153804
        ]
      }
    },
    {
      "type": "Feature",
      "properties": {
        "name": "Men's Gym",
        "address": "Jl. Wonodri Sendang Raya No.1038a, Wonodri, Kec. Semarang Sel., Kota Semarang, Jawa Tengah 50242, Indonesia",
        "city": "Kota Semarang",
        "rating": 4.4,
        "phone": "+62 889-0284-8300"
      },
      "geometry": {
        "type": "Point",
        "coordinates": [
          110.4269891,
          -7.0024273
        ]
      }
    },
    {
      "type": "Feature",
      "properties": {
        "name": "August Gym (Fitness Kudus)",
        "address": "Gg. Budi Utomo 11 No.6, RT.02/RW.06, Jepang, Kec. Mejobo, Kabupaten Kudus, Jawa Tengah 59381, Indonesia",
        "city": "Kabupaten Kudus",
        "rating": 5,
        "phone": "+62 822-2599-8224"
      },
      "geometry": {
        "type": "Point",
        "coordinates": [
          110.867047,
          -6.8275003
        ]
      }
    },
    {
      "type": "Feature",
      "properties": {
        "name": "Vaxelle studio gym",
        "address": "Jl. Bulungan Raya P, Area Kebun Dan Sawah, Pundenrejo, Kec. Tayu, Kabupaten Pati, Jawa Tengah 59155, Indonesia",
        "city": "Kabupaten Pati",
        "rating": 4.9,
        "phone": "Tidak ada nomor"
      },
      "geometry": {
        "type": "Point",
        "coordinates": [
          111.0197005,
          -6.5290317
        ]
      }
    },
    {
      "type": "Feature",
      "properties": {
        "name": "Keke's Gym",
        "address": "Jl. Kompol R. Soekanto No.89 A, Sambiroto, Kec. Tembalang, Kota Semarang, Jawa Tengah 50272, Indonesia",
        "city": "Kota Semarang",
        "rating": 4.9,
        "phone": "+62 895-6166-14400"
      },
      "geometry": {
        "type": "Point",
        "coordinates": [
          110.45914,
          -7.0278817
        ]
      }
    },
    {
      "type": "Feature",
      "properties": {
        "name": "Master GYM",
        "address": "6P7C+PMP, Gedanganbrang, Welahan, Kec. Welahan, Kabupaten Jepara, Jawa Tengah 59464, Indonesia",
        "city": "Kabupaten Jepara",
        "rating": 4.6,
        "phone": "Tidak ada nomor"
      },
      "geometry": {
        "type": "Point",
        "coordinates": [
          110.7217098,
          -6.7856598
        ]
      }
    },
    {
      "type": "Feature",
      "properties": {
        "name": "Personal Trainer Gym di Kudus (Pelatih Fitness)",
        "address": "Jl. Kutilang No.3A, Magersari, Panjunan, Kec. Kota Kudus, Kabupaten Kudus, Jawa Tengah 59317, Indonesia",
        "city": "Kabupaten Kudus",
        "rating": 4.9,
        "phone": "+62 858-5399-9905"
      },
      "geometry": {
        "type": "Point",
        "coordinates": [
          110.8426026,
          -6.8100254
        ]
      }
    },
    {
      "type": "Feature",
      "properties": {
        "name": "X BULL GYM",
        "address": "296H+CVC, Jl. Argorejo III, Kalibanteng Kulon, Kec. Semarang Barat, Kota Semarang, Jawa Tengah 50145, Indonesia",
        "city": "Kota Semarang",
        "rating": 4.7,
        "phone": "+62 852-5793-4467"
      },
      "geometry": {
        "type": "Point",
        "coordinates": [
          110.3796257,
          -6.988935
        ]
      }
    },
    {
      "type": "Feature",
      "properties": {
        "name": "TKP GYM SEMARANG",
        "address": "Jl. Dewi Sartika Bar. III No.10, Sukorejo, Kec. Gn. Pati, Kota Semarang, Jawa Tengah 50221, Indonesia",
        "city": "Kota Semarang",
        "rating": 4.9,
        "phone": "Tidak ada nomor"
      },
      "geometry": {
        "type": "Point",
        "coordinates": [
          110.386543,
          -7.019183
        ]
      }
    },
    {
      "type": "Feature",
      "properties": {
        "name": "Gorilla Gym Bulungcangkring",
        "address": "5WGH+RPP, Jl. Ps. Puri, Kalidoro Lor, Bulungcangkring, Kec. Jekulo, Kabupaten Kudus, Jawa Tengah 59382, Indonesia",
        "city": "Kabupaten Kudus",
        "rating": 4.3,
        "phone": "Tidak ada nomor"
      },
      "geometry": {
        "type": "Point",
        "coordinates": [
          110.9293329,
          -6.8229243
        ]
      }
    },
    {
      "type": "Feature",
      "properties": {
        "name": "Sulthan Gym",
        "address": "Jl. G.Wilis, Kunden, Kec. Blora, Kabupaten Blora, Jawa Tengah 58212, Indonesia",
        "city": "Kabupaten Blora",
        "rating": 4.9,
        "phone": "+62 878-8444-1118"
      },
      "geometry": {
        "type": "Point",
        "coordinates": [
          111.4128156,
          -6.9634563
        ]
      }
    },
    {
      "type": "Feature",
      "properties": {
        "name": "Champion Gym Fitness",
        "address": "4M98+43C, Jl. P. Kemerdekaan, Kraton Kidul, Kec. Pekalongan Bar., Kota Pekalongan, Jawa Tengah 51117, Indonesia",
        "city": "Kota Pekalongan",
        "rating": 4.2,
        "phone": "Tidak ada nomor"
      },
      "geometry": {
        "type": "Point",
        "coordinates": [
          109.6651325,
          -6.88219
        ]
      }
    },
    {
      "type": "Feature",
      "properties": {
        "name": "Markashulk Gym/fitnes",
        "address": "Jalan A. Yani, Perumnas Jl. Jambu, Ngagul, Winong, Kec. Pati, Kabupaten Pati, Jawa Tengah 59112, Indonesia",
        "city": "Kabupaten Pati",
        "rating": 4.7,
        "phone": "Tidak ada nomor"
      },
      "geometry": {
        "type": "Point",
        "coordinates": [
          111.0278922,
          -6.7401087
        ]
      }
    },
    {
      "type": "Feature",
      "properties": {
        "name": "VINZ Fitness Gym",
        "address": "Jl. Dr. Wachidin No.40, Kadilangu, Kauman, Kec. Batang, Kabupaten Batang, Jawa Tengah 51216, Indonesia",
        "city": "Kabupaten Batang",
        "rating": 4,
        "phone": "+62 877-2277-4868"
      },
      "geometry": {
        "type": "Point",
        "coordinates": [
          109.7248913,
          -6.9166756
        ]
      }
    },
    {
      "type": "Feature",
      "properties": {
        "name": "Ronin Strength Gym",
        "address": "Ruko ICE Business Park, B/9, Pagedangan, Kec. Pagedangan, Kabupaten Tangerang, Banten 15339, Indonesia",
        "city": "Kabupaten Tangerang",
        "rating": 4.9,
        "phone": "+62 812-1898-1749"
      },
      "geometry": {
        "type": "Point",
        "coordinates": [
          106.6334176,
          -6.305044
        ]
      }
    },
    {
      "type": "Feature",
      "properties": {
        "name": "King kong Gym",
        "address": "Jl. Poris Indah Blok B 9 No.3 & 5 blok B 9 no 3 & 5, RT.015/RW.010, Cipondoh Indah, Kec. Cipondoh, Kota Tangerang, Banten 15148, Indonesia",
        "city": "Kota Tangerang",
        "rating": 5,
        "phone": "+62 859-3997-8611"
      },
      "geometry": {
        "type": "Point",
        "coordinates": [
          106.6903825,
          -6.176024
        ]
      }
    },
    {
      "type": "Feature",
      "properties": {
        "name": "ReFIT Gym Cimone",
        "address": "Bekas Transwap Dunamis Indonesia, Jl. Raya Merdeka, RT.002/RW.001, Cimone, Kec. Karawaci, Kota Tangerang, Banten 15114, Indonesia",
        "city": "Kota Tangerang",
        "rating": 4.6,
        "phone": "+62 21 0000000"
      },
      "geometry": {
        "type": "Point",
        "coordinates": [
          106.6151657,
          -6.1854796
        ]
      }
    },
    {
      "type": "Feature",
      "properties": {
        "name": "Training Station Fitness & GYM",
        "address": "Blk. A, Rukan Columbus Jl. Green Lake City Boulevard No.11&12, RT.001/RW.011, Ketapang, Kec. Cipondoh, Kota Tangerang, Banten 15147, Indonesia",
        "city": "Kota Tangerang",
        "rating": 4.5,
        "phone": "+62 852-1513-1843"
      },
      "geometry": {
        "type": "Point",
        "coordinates": [
          106.7066168,
          -6.1842119
        ]
      }
    },
    {
      "type": "Feature",
      "properties": {
        "name": "Fantastic Gym",
        "address": "Ruko blitz a28, Jl. Boulevard Raya Gading Serpong, Kelapa Dua, Tangerang Regency, Banten 15810, Indonesia",
        "city": "Kabupaten Tangerang",
        "rating": 4.8,
        "phone": "+62 895-3523-93012"
      },
      "geometry": {
        "type": "Point",
        "coordinates": [
          106.6123094,
          -6.2449376
        ]
      }
    },
    {
      "type": "Feature",
      "properties": {
        "name": "Maximum Gym Serang (Fitness, Senam & Sauna)",
        "address": "Indonesia, Jl. Raya Banten, Kasunyatan, Kec. Kasemen, Kota Serang, Banten 42191, Indonesia",
        "city": "Kota Serang",
        "rating": 4.7,
        "phone": "+62 800 0000000"
      },
      "geometry": {
        "type": "Point",
        "coordinates": [
          106.1578435,
          -6.0591304
        ]
      }
    },
    {
      "type": "Feature",
      "properties": {
        "name": "Poris Gym",
        "address": "Jl. Poris Indah A No.46, RT.002/RW.008, Cipondoh Indah, Kec. Cipondoh, Kota Tangerang, Banten 15148, Indonesia",
        "city": "Kota Tangerang",
        "rating": 4.7,
        "phone": "+62 812-9018-9917"
      },
      "geometry": {
        "type": "Point",
        "coordinates": [
          106.6875629,
          -6.175954
        ]
      }
    },
    {
      "type": "Feature",
      "properties": {
        "name": "Pratama GYM",
        "address": "Jl. Raya Cibadak - Ciampea, Benteng, Kec. Ciampea, Kabupaten Bogor, Jawa Barat 16620, Indonesia",
        "city": "Kabupaten Bogor",
        "rating": 4.8,
        "phone": "+62 856-9488-8689"
      },
      "geometry": {
        "type": "Point",
        "coordinates": [
          106.7033519,
          -6.5559676
        ]
      }
    },
    {
      "type": "Feature",
      "properties": {
        "name": "Joyo Gym",
        "address": "Jl. Kuta Bumi Raya No.35, RT.002/RW.005, Karet, Kec. Sepatan, Kota Tangerang, Banten 15131, Indonesia",
        "city": "Kota Tangerang",
        "rating": 5,
        "phone": "+62 888-8591-975"
      },
      "geometry": {
        "type": "Point",
        "coordinates": [
          106.5908891,
          -6.154803
        ]
      }
    },
    {
      "type": "Feature",
      "properties": {
        "name": "MBS GYM",
        "address": "Jl. Griya Indah Serpong No.07 blok F1, Gn. Sindur, Kec. Gn. Sindur, Kabupaten Bogor, Jawa Barat 16340, Indonesia",
        "city": "Kabupaten Bogor",
        "rating": 4.9,
        "phone": "+62 813-6709-8886"
      },
      "geometry": {
        "type": "Point",
        "coordinates": [
          106.6821864,
          -6.3865701
        ]
      }
    },
    {
      "type": "Feature",
      "properties": {
        "name": "Spartan Gym Centre",
        "address": "Jl. Raya Serang - Pandeglang Jl. Sempu Klp. Endep No.29 Km. 1, Cipare, Kec. Serang, Kota Serang, Banten 42117, Indonesia",
        "city": "Kota Serang",
        "rating": 4.6,
        "phone": "+62 877-7444-4828"
      },
      "geometry": {
        "type": "Point",
        "coordinates": [
          106.1598155,
          -6.1279916
        ]
      }
    },
    {
      "type": "Feature",
      "properties": {
        "name": "IFA WP GYM TANGERANG",
        "address": "JL Villa Regency 2 Permata No.2 Blok EA1, Kuta Jaya, Kec. Ps. Kemis, Kabupaten Tangerang, Banten 15560, Indonesia",
        "city": "Kabupaten Tangerang",
        "rating": 4.6,
        "phone": "+62 812-5222-8544"
      },
      "geometry": {
        "type": "Point",
        "coordinates": [
          106.5785405,
          -6.1688239
        ]
      }
    },
    {
      "type": "Feature",
      "properties": {
        "name": "CAPTIFIT Gym",
        "address": "Alam Sutera, Ruko, Jl. Jalur Sutera No.43-45, Pakualam, Kec. Serpong Utara, Kota Tangerang Selatan, Banten 15320, Indonesia",
        "city": "Kota Tangerang Selatan",
        "rating": 4.6,
        "phone": "+62 813-9888-9711"
      },
      "geometry": {
        "type": "Point",
        "coordinates": [
          106.6593428,
          -6.2364521
        ]
      }
    },
    {
      "type": "Feature",
      "properties": {
        "name": "MERAH PUTIH gym & caffee",
        "address": "Deket stasiun Poris, Jl. Benteng Betawi, RT.004/RW.003, Poris Jaya, Batuceper, Tangerang City, Banten 15121, Indonesia",
        "city": "Kota Tangerang",
        "rating": 4.7,
        "phone": "+62 823-1090-8328"
      },
      "geometry": {
        "type": "Point",
        "coordinates": [
          106.6781355,
          -6.1707121
        ]
      }
    },
    {
      "type": "Feature",
      "properties": {
        "name": "ARYA GYM",
        "address": "Jl. Villa Mutiara Pluit No.C1, RT.008/RW.011, Periuk, Kec. Periuk, Kota Tangerang, Banten 15131, Indonesia",
        "city": "Kota Tangerang",
        "rating": 4.8,
        "phone": "+62 812-9860-9300"
      },
      "geometry": {
        "type": "Point",
        "coordinates": [
          106.5967173,
          -6.1668594
        ]
      }
    },
    {
      "type": "Feature",
      "properties": {
        "name": "EDI Power Gym",
        "address": "Edi Toserba Cilegon, Jl. SA. Tirtayasa No.88, Ramanuju, Purwakarta, Cilegon, Banten 42431, Indonesia",
        "city": "Kota Cilegon",
        "rating": 4.6,
        "phone": "+62 812-9149-9980"
      },
      "geometry": {
        "type": "Point",
        "coordinates": [
          106.0460194,
          -6.0130985
        ]
      }
    },
    {
      "type": "Feature",
      "properties": {
        "name": "Fisko Gym",
        "address": "Jl. Samaun Bakri No.RT. 03 / 06, Kaliwadas, Lopang, Kec. Serang, Kota Serang, Banten 42111, Indonesia",
        "city": "Kota Serang",
        "rating": 4.4,
        "phone": "+62 855-8250-169"
      },
      "geometry": {
        "type": "Point",
        "coordinates": [
          106.1629084,
          -6.1082146
        ]
      }
    },
    {
      "type": "Feature",
      "properties": {
        "name": "Koko Gym (Fitness)",
        "address": "Pasir Jaya, Kec. Cikupa, Kabupaten Tangerang, Banten 15710, Indonesia",
        "city": "Kabupaten Tangerang",
        "rating": 4.5,
        "phone": "+62 858-8860-8360"
      },
      "geometry": {
        "type": "Point",
        "coordinates": [
          106.5297661,
          -6.1978353
        ]
      }
    },
    {
      "type": "Feature",
      "properties": {
        "name": "RAIN GYM SEMANAN",
        "address": "Jl. Kp. Gaga No.3, RT.7/RW.3, Semanan, Kec. Kalideres, Kota Jakarta Barat, Daerah Khusus Ibukota Jakarta 11850, Indonesia",
        "city": "Kota Jakarta Barat",
        "rating": 4.9,
        "phone": "+62 812-8097-8583"
      },
      "geometry": {
        "type": "Point",
        "coordinates": [
          106.6978656,
          -6.1724323
        ]
      }
    },
    {
      "type": "Feature",
      "properties": {
        "name": "AkhiBro Gym",
        "address": "Ruko Pinang Graha PG-15, RT.006/RW.005, Sudimara Pinang, Kec. Pinang, Kota Tangerang, Banten 15145, Indonesia",
        "city": "Kota Tangerang",
        "rating": 4.7,
        "phone": "+62 877-8249-6497"
      },
      "geometry": {
        "type": "Point",
        "coordinates": [
          106.6921429,
          -6.2251803
        ]
      }
    },
    {
      "type": "Feature",
      "properties": {
        "name": "V GYM Fitness & Studio",
        "address": "Jl. G. Lawu No.6b, Tempelan, Kec. Blora, Kabupaten Blora, Jawa Tengah 58211, Indonesia",
        "city": "Kabupaten Blora",
        "rating": 5,
        "phone": "+62 821-2363-9080"
      },
      "geometry": {
        "type": "Point",
        "coordinates": [
          111.4176515,
          -6.9687664
        ]
      }
    },
    {
      "type": "Feature",
      "properties": {
        "name": "Grand Keisha Gym Pekalongan",
        "address": "Jl. Karya Bakti No.57, RW.6, Medono, Kec. Pekalongan Bar., Kota Pekalongan, Jawa Tengah 51111, Indonesia",
        "city": "Kota Pekalongan",
        "rating": 4.6,
        "phone": "+62 858-0004-0016"
      },
      "geometry": {
        "type": "Point",
        "coordinates": [
          109.6652896,
          -6.9054062
        ]
      }
    },
    {
      "type": "Feature",
      "properties": {
        "name": "GORILLA GYM",
        "address": "C2WV+JX3, Bondol, Sendangrejo, Kec. Tayu, Kabupaten Pati, Jawa Tengah 59155, Indonesia",
        "city": "Kabupaten Pati",
        "rating": 4.4,
        "phone": "+62 822-2221-1555"
      },
      "geometry": {
        "type": "Point",
        "coordinates": [
          111.0449351,
          -6.5534999
        ]
      }
    },
    {
      "type": "Feature",
      "properties": {
        "name": "Bull Gym Pekalongan",
        "address": "Jl. Bina Griya Raya No.66, Medono, Kec. Pekalongan Bar., Kota Pekalongan, Jawa Tengah 51111, Indonesia",
        "city": "Kota Pekalongan",
        "rating": 4.8,
        "phone": "+62 857-4387-3715"
      },
      "geometry": {
        "type": "Point",
        "coordinates": [
          109.6621872,
          -6.902276
        ]
      }
    },
    {
      "type": "Feature",
      "properties": {
        "name": "Master Gym",
        "address": "Jl. Wijaya Kusuma II, Krajan, Mangunjiwan, Kec. Demak, Kabupaten Demak, Jawa Tengah 59516, Indonesia",
        "city": "Kabupaten Demak",
        "rating": 4.6,
        "phone": "+62 813-9375-8957"
      },
      "geometry": {
        "type": "Point",
        "coordinates": [
          110.6224246,
          -6.897987
        ]
      }
    },
    {
      "type": "Feature",
      "properties": {
        "name": "Feliz Gym",
        "address": "Jl. Progo, Dukuh, Kec. Pekalongan Utara, Kota Pekalongan, Jawa Tengah 51145, Indonesia",
        "city": "Kota Pekalongan",
        "rating": 4.6,
        "phone": "+62 858-4211-0888"
      },
      "geometry": {
        "type": "Point",
        "coordinates": [
          109.6710188,
          -6.8794979
        ]
      }
    },
    {
      "type": "Feature",
      "properties": {
        "name": "MaroZ Gym",
        "address": "6V87+WHH, Jl. Muria Raya, Kayuapu Kulon, Gondangmanis, Kec. Bae, Kabupaten Kudus, Jawa Tengah 59327, Indonesia",
        "city": "Kabupaten Kudus",
        "rating": 3.1,
        "phone": "Tidak ada nomor"
      },
      "geometry": {
        "type": "Point",
        "coordinates": [
          110.8639859,
          -6.7826824
        ]
      }
    },
    {
      "type": "Feature",
      "properties": {
        "name": "GELORA GYM",
        "address": "Jl. Sisingamangaraja No.2B, Kaliwiru, Kec. Candisari, Kota Semarang, Jawa Tengah 50253, Indonesia",
        "city": "Kota Semarang",
        "rating": 4.8,
        "phone": "+62 877-7373-9000"
      },
      "geometry": {
        "type": "Point",
        "coordinates": [
          110.4273291,
          -7.0164391
        ]
      }
    },
    {
      "type": "Feature",
      "properties": {
        "name": "Dinasti GYM",
        "address": "XWQ9+97W, Jl. Diponegoro, RT.01/RW.01, Sabranan, Babadan, Kec. Limpung, Kabupaten Batang, Jawa Tengah 51271, Indonesia",
        "city": "Kabupaten Batang",
        "rating": 4,
        "phone": "+62 895-0885-0307"
      },
      "geometry": {
        "type": "Point",
        "coordinates": [
          109.9181877,
          -7.0115032
        ]
      }
    },
    {
      "type": "Feature",
      "properties": {
        "name": "Dinasti Gym",
        "address": "Jl. Utama Timur No.157, RW.3, Margomulyo, Karangdowo, Kec. Weleri, Kabupaten Kendal, Jawa Tengah 51355, Indonesia",
        "city": "Kabupaten Kendal",
        "rating": 4.6,
        "phone": "Tidak ada nomor"
      },
      "geometry": {
        "type": "Point",
        "coordinates": [
          110.0715796,
          -6.9724782
        ]
      }
    },
    {
      "type": "Feature",
      "properties": {
        "name": "Lookman Gym",
        "address": "Mannggisan, Langenharjo, Kec. Kendal, Kabupaten Kendal, Jawa Tengah 51314, Indonesia",
        "city": "Kabupaten Kendal",
        "rating": 4.4,
        "phone": "+62 822-2388-8876"
      },
      "geometry": {
        "type": "Point",
        "coordinates": [
          110.1952227,
          -6.9189212
        ]
      }
    },
    {
      "type": "Feature",
      "properties": {
        "name": "SMART GYM REMBANG",
        "address": "Timur SMA 3, Pantiharjo, Kec. Rembang, Kabupaten Rembang, Jawa Tengah 59252, Indonesia",
        "city": "Kabupaten Rembang",
        "rating": 5,
        "phone": "+62 813-2773-2406"
      },
      "geometry": {
        "type": "Point",
        "coordinates": [
          111.318265,
          -6.6994576
        ]
      }
    },
    {
      "type": "Feature",
      "properties": {
        "name": "Bear Gym and Fitness Kudus",
        "address": "Jl. Sumur Kotak 15 No.12, RT.008/RW.003, Candi Lor, Singocandi, Kec. Kota Kudus, Kabupaten Kudus, Jawa Tengah 59314, Indonesia",
        "city": "Kabupaten Kudus",
        "rating": 5,
        "phone": "+62 877-1170-3959"
      },
      "geometry": {
        "type": "Point",
        "coordinates": [
          110.8441822,
          -6.7990853
        ]
      }
    },
    {
      "type": "Feature",
      "properties": {
        "name": "Diamond GYM",
        "address": "8C3P+WF8, Sambong, Dorokandang, Kec. Lasem, Kabupaten Rembang, Jawa Tengah 59271, Indonesia",
        "city": "Kabupaten Rembang",
        "rating": 4.6,
        "phone": "+62 812-8312-9950"
      },
      "geometry": {
        "type": "Point",
        "coordinates": [
          111.436218,
          -6.695219
        ]
      }
    },
    {
      "type": "Feature",
      "properties": {
        "name": "Sagara Gym",
        "address": "Karangmencol, Sumberjo, Kec. Rembang, Kabupaten Rembang, Jawa Tengah 59219, Indonesia",
        "city": "Kabupaten Rembang",
        "rating": 4.1,
        "phone": "Tidak ada nomor"
      },
      "geometry": {
        "type": "Point",
        "coordinates": [
          111.3428295,
          -6.7189608
        ]
      }
    },
    {
      "type": "Feature",
      "properties": {
        "name": "Srigalla Gym",
        "address": "6QQ5+9GH, Dorang, Dukuh Bandongwangin, Mayong Lor, Kec. Mayong, Kabupaten Jepara, Jawa Tengah 59465, Indonesia",
        "city": "Kabupaten Jepara",
        "rating": 4.9,
        "phone": "+62 856-4362-6168"
      },
      "geometry": {
        "type": "Point",
        "coordinates": [
          110.758843,
          -6.7617321
        ]
      }
    },
    {
      "type": "Feature",
      "properties": {
        "name": "Pamatang Sempur",
        "address": "5J66+4VQ, Rancapinang, Kec. Cimanggu, Kabupaten Pandeglang, Banten 42284, Indonesia",
        "city": "Kabupaten Pandeglang",
        "rating": 5,
        "phone": "Tidak ada nomor"
      },
      "geometry": {
        "type": "Point",
        "coordinates": [
          105.6122344,
          -6.83965
        ]
      }
    },
    {
      "type": "Feature",
      "properties": {
        "name": "Taman Savana Cidaon Rancecet",
        "address": "5J46+G5P, Rancapinang, Kec. Cimanggu, Kabupaten Pandeglang, Banten 42284, Indonesia",
        "city": "Kabupaten Pandeglang",
        "rating": 5,
        "phone": "Tidak ada nomor"
      },
      "geometry": {
        "type": "Point",
        "coordinates": [
          105.6104447,
          -6.8436586
        ]
      }
    },
    {
      "type": "Feature",
      "properties": {
        "name": "Moeza Gym Panimbang MGP",
        "address": "Jalan Raya panimbang tanjung lesung indomaret lantai 2 samping kantor desa, Panimbangjaya, Kec. Panimbang, Kabupaten Pandeglang, Banten 42281, Indonesia",
        "city": "Kabupaten Pandeglang",
        "rating": 4,
        "phone": "Tidak ada nomor"
      },
      "geometry": {
        "type": "Point",
        "coordinates": [
          105.7863115,
          -6.5051816
        ]
      }
    },
    {
      "type": "Feature",
      "properties": {
        "name": "Setia Gym Pandeglang",
        "address": "Jl. KH. Abdul Halim Jl. Ciekek No.Km 01, Karaton, Kec. Pandeglang, Kabupaten Pandeglang, Banten 42211, Indonesia",
        "city": "Kabupaten Pandeglang",
        "rating": 4.7,
        "phone": "+62 897-0027-556"
      },
      "geometry": {
        "type": "Point",
        "coordinates": [
          106.1016584,
          -6.3153411
        ]
      }
    },
    {
      "type": "Feature",
      "properties": {
        "name": "Pung’s Gym",
        "address": "WVHQ+QHG, Cikoneng, Kec. Anyar, Kabupaten Serang, Banten 42166, Indonesia",
        "city": "Kabupaten Serang",
        "rating": 5,
        "phone": "+62 858-9205-6354"
      },
      "geometry": {
        "type": "Point",
        "coordinates": [
          105.8889497,
          -6.0705711
        ]
      }
    },
    {
      "type": "Feature",
      "properties": {
        "name": "Lucky Gym",
        "address": "X3F3+3RP, Jl. Di Panjaitan Jalan Pesut, Bendungan, Kec. Cilegon, Kota Cilegon, Banten 42417, Indonesia",
        "city": "Kota Cilegon",
        "rating": 5,
        "phone": "+62 857-1014-5550"
      },
      "geometry": {
        "type": "Point",
        "coordinates": [
          106.0546094,
          -6.0273023
        ]
      }
    },
    {
      "type": "Feature",
      "properties": {
        "name": "Perfect body gym",
        "address": "VVRM+X9H, Ruko 234 depn hotel marbella anyer, Bandulu, Kec. Mancak, Kabupaten Serang, Banten 42166, Indonesia",
        "city": "Kabupaten Serang",
        "rating": 5,
        "phone": "Tidak ada nomor"
      },
      "geometry": {
        "type": "Point",
        "coordinates": [
          105.8834844,
          -6.1075625
        ]
      }
    },
    {
      "type": "Feature",
      "properties": {
        "name": "MENES GYM FITNESS CENTER",
        "address": "Jl. Perintis Kemerdekaan, Kadu Gading, Menes, Kec. Menes, Kabupaten Pandeglang, Banten 42262, Indonesia",
        "city": "Kabupaten Pandeglang",
        "rating": 5,
        "phone": "+62 822-6169-6606"
      },
      "geometry": {
        "type": "Point",
        "coordinates": [
          105.9199757,
          -6.3778189
        ]
      }
    },
    {
      "type": "Feature",
      "properties": {
        "name": "LEAF POWER GYM",
        "address": "WWQ4+W7R samping RM.CEMARA, Jl. Raya Anyer-Sirih, Anyar, Kec. Anyar, Kabupaten Serang, Banten 42166, Indonesia",
        "city": "Kabupaten Serang",
        "rating": 4.5,
        "phone": "Tidak ada nomor"
      },
      "geometry": {
        "type": "Point",
        "coordinates": [
          105.9056326,
          -6.0601368
        ]
      }
    },
    {
      "type": "Feature",
      "properties": {
        "name": "Wahyu GYM",
        "address": "7V58+3QX, Cikeusik, Kec. Cikeusik, Kabupaten Pandeglang, Banten 42286, Indonesia",
        "city": "Kabupaten Pandeglang",
        "rating": 5,
        "phone": "Tidak ada nomor"
      },
      "geometry": {
        "type": "Point",
        "coordinates": [
          105.8669967,
          -6.7422504
        ]
      }
    },
    {
      "type": "Feature",
      "properties": {
        "name": "Raja Gym & Fitness",
        "address": "X3P3+68R, Jombang Wetan, Kec. Jombang, Kota Cilegon, Banten 42411, Indonesia",
        "city": "Kota Cilegon",
        "rating": 4.5,
        "phone": "+62 254 398553"
      },
      "geometry": {
        "type": "Point",
        "coordinates": [
          106.0532731,
          -6.0143832
        ]
      }
    },
    {
      "type": "Feature",
      "properties": {
        "name": "baya gym pandeglang",
        "address": "Jalan Bougenville Indah No.1, Kadumerak, Kec. Karang Tj., Kabupaten Pandeglang, Banten 42251, Indonesia",
        "city": "Kabupaten Pandeglang",
        "rating": 4.5,
        "phone": "+62 895-0446-6774"
      },
      "geometry": {
        "type": "Point",
        "coordinates": [
          106.1123104,
          -6.2956001
        ]
      }
    },
    {
      "type": "Feature",
      "properties": {
        "name": "LUBANA GYM",
        "address": "X395+9F8, Jalan Perum link, Palas cikerut, bendungan, Karangasem, Kec. Cibeber, Kota Cilegon, Banten 42426, Indonesia",
        "city": "Kota Cilegon",
        "rating": 4.6,
        "phone": "Tidak ada nomor"
      },
      "geometry": {
        "type": "Point",
        "coordinates": [
          106.058717,
          -6.0315898
        ]
      }
    },
    {
      "type": "Feature",
      "properties": {
        "name": "SAHRA GYM",
        "address": "W4PC+6JF, Jl. Sempati, Kramatwatu, Kec. Kramatwatu, Kabupaten Serang, Banten 42616, Indonesia",
        "city": "Kabupaten Serang",
        "rating": 4.2,
        "phone": "+62 878-7134-8777"
      },
      "geometry": {
        "type": "Point",
        "coordinates": [
          106.1215484,
          -6.0644319
        ]
      }
    },
    {
      "type": "Feature",
      "properties": {
        "name": "RHINO'S GYM CENTRE",
        "address": "Jl. Raya Perintis Kemerdekaan No.Km03, Teluk, Kec. Labuan, Kabupaten Pandeglang, Banten 42264, Indonesia",
        "city": "Kabupaten Pandeglang",
        "rating": 5,
        "phone": "+62 877-7285-4000"
      },
      "geometry": {
        "type": "Point",
        "coordinates": [
          105.8248301,
          -6.3670752
        ]
      }
    },
    {
      "type": "Feature",
      "properties": {
        "name": "Green Muscle GYM",
        "address": "Jl. Raya Anyer - Jaha No.50, Mekarsari, Kec. Anyar, Kabupaten Serang, Banten 42166, Indonesia",
        "city": "Kabupaten Serang",
        "rating": 5,
        "phone": "Tidak ada nomor"
      },
      "geometry": {
        "type": "Point",
        "coordinates": [
          105.9210332,
          -6.0659517
        ]
      }
    },
    {
      "type": "Feature",
      "properties": {
        "name": "Asae Fitness Labuan",
        "address": "Jl. Raya Perintis Kemerdekaan No.3, Teluk, Kec. Labuan, Kabupaten Pandeglang, Banten 42264, Indonesia",
        "city": "Kabupaten Pandeglang",
        "rating": 4,
        "phone": "+62 895-3295-76932"
      },
      "geometry": {
        "type": "Point",
        "coordinates": [
          105.8249529,
          -6.3677206
        ]
      }
    },
    {
      "type": "Feature",
      "properties": {
        "name": "Aura Fitness",
        "address": "JV4H+98G, Babakanlor, Kec. Cikedal, Kabupaten Pandeglang, Banten 42271, Indonesia",
        "city": "Kabupaten Pandeglang",
        "rating": 4,
        "phone": "+62 895-2229-5189"
      },
      "geometry": {
        "type": "Point",
        "coordinates": [
          105.8778254,
          -6.3936827
        ]
      }
    },
    {
      "type": "Feature",
      "properties": {
        "name": "HOME GYM RIFKI",
        "address": "7VC9+9R6, cibuluh, Kec. Cikeusik, Kabupaten Pandeglang, Banten 42286, Indonesia",
        "city": "Kabupaten Pandeglang",
        "rating": "Belum ada rating",
        "phone": "Tidak ada nomor"
      },
      "geometry": {
        "type": "Point",
        "coordinates": [
          105.8695156,
          -6.7290875
        ]
      }
    },
    {
      "type": "Feature",
      "properties": {
        "name": "Gym",
        "address": "5V7J+38C, Jl. Raya Binuangeun-Malingping, Cikiruhwetan, Kec. Cikeusik, Kabupaten Pandeglang, Banten 42286, Indonesia",
        "city": "Kabupaten Pandeglang",
        "rating": 4,
        "phone": "Tidak ada nomor"
      },
      "geometry": {
        "type": "Point",
        "coordinates": [
          105.8806979,
          -6.8373461
        ]
      }
    },
    {
      "type": "Feature",
      "properties": {
        "name": "HAN'S fitness",
        "address": "Jl. Raya Perintis Kemerdekaan No.3, Teluk, Kec. Labuan, Kabupaten Pandeglang, Banten 42264, Indonesia",
        "city": "Kabupaten Pandeglang",
        "rating": 5,
        "phone": "+62 895-3295-76932"
      },
      "geometry": {
        "type": "Point",
        "coordinates": [
          105.824963,
          -6.367716
        ]
      }
    },
    {
      "type": "Feature",
      "properties": {
        "name": "MPM Futsal & Mini Gym Khusus Perempuan",
        "address": "Jl. Raya Anyer - Jaha No.45, Mekarsari, Kec. Anyar, Kabupaten Serang, Banten 42466, Indonesia",
        "city": "Kabupaten Serang",
        "rating": 4.5,
        "phone": "+62 878-0924-4827"
      },
      "geometry": {
        "type": "Point",
        "coordinates": [
          105.9183192,
          -6.0565072
        ]
      }
    },
    {
      "type": "Feature",
      "properties": {
        "name": "Pabrik Penggilingan",
        "address": "FRCR+6F2, Perdana, Kec. Sukaresmi, Kabupaten Pandeglang, Banten 42265, Indonesia",
        "city": "Kabupaten Pandeglang",
        "rating": "Belum ada rating",
        "phone": "+62 852-1699-7451"
      },
      "geometry": {
        "type": "Point",
        "coordinates": [
          105.8411445,
          -6.5294751
        ]
      }
    },
    {
      "type": "Feature",
      "properties": {
        "name": "MABAR BADMINTON & GYM ARENA",
        "address": "Kp. Dagan baru Jl. Grogol Indah, Kosambironyok, Kec. Anyar, Kabupaten Serang, Banten 42166, Indonesia",
        "city": "Kabupaten Serang",
        "rating": 4.7,
        "phone": "+62 878-7368-6964"
      },
      "geometry": {
        "type": "Point",
        "coordinates": [
          105.9270373,
          -6.0596247
        ]
      }
    },
    {
      "type": "Feature",
      "properties": {
        "name": "Lap.bulutangkis",
        "address": "WWR6+9VH, kp.pegadungan, Mekarsari, Kec. Anyar, Kabupaten Serang, Banten 42166, Indonesia",
        "city": "Kabupaten Serang",
        "rating": 3,
        "phone": "+62 878-0897-5661"
      },
      "geometry": {
        "type": "Point",
        "coordinates": [
          105.91223,
          -6.0590708
        ]
      }
    },
    {
      "type": "Feature",
      "properties": {
        "name": "Cikomod",
        "address": "MWP4+M4F, Sikulan, Kec. Jiput, Kabupaten Pandeglang, Banten 42263, Indonesia",
        "city": "Kabupaten Pandeglang",
        "rating": 4,
        "phone": "Tidak ada nomor"
      },
      "geometry": {
        "type": "Point",
        "coordinates": [
          105.9052953,
          -6.3133048
        ]
      }
    },
    {
      "type": "Feature",
      "properties": {
        "name": "Tembol",
        "address": "MRGV+W7C, Tembong, Kec. Carita, Kabupaten Pandeglang, Banten 42264, Indonesia",
        "city": "Kabupaten Pandeglang",
        "rating": 4,
        "phone": "Tidak ada nomor"
      },
      "geometry": {
        "type": "Point",
        "coordinates": [
          105.8431851,
          -6.3226042
        ]
      }
    },
    {
      "type": "Feature",
      "properties": {
        "name": "Studio Des’Fit",
        "address": "JRHG+VQ5, Teluk, Kec. Labuan, Kabupaten Pandeglang, Banten 42264, Indonesia",
        "city": "Kabupaten Pandeglang",
        "rating": "Belum ada rating",
        "phone": "Tidak ada nomor"
      },
      "geometry": {
        "type": "Point",
        "coordinates": [
          105.8269892,
          -6.3703522
        ]
      }
    },
    {
      "type": "Feature",
      "properties": {
        "name": "ALL GYM",
        "address": "X8R7+556, Sawahan, Ngawen, Kec. Ngawen, Kabupaten Blora, Jawa Tengah 58254, Indonesia",
        "city": "Kabupaten Blora",
        "rating": 4.8,
        "phone": "Tidak ada nomor"
      },
      "geometry": {
        "type": "Point",
        "coordinates": [
          111.3128799,
          -7.0095985
        ]
      }
    },
    {
      "type": "Feature",
      "properties": {
        "name": "PRO GYM",
        "address": "PRO GYM, Jl. Nasional Blora - Cepu No.KM 3, Palkembar, Seso, Kec. Jepon, Kabupaten Blora, Jawa Tengah 58218, Indonesia",
        "city": "Kabupaten Blora",
        "rating": 4.9,
        "phone": "+62 877-6499-7684"
      },
      "geometry": {
        "type": "Point",
        "coordinates": [
          111.4469065,
          -6.9717809
        ]
      }
    },
    {
      "type": "Feature",
      "properties": {
        "name": "G+FIT GYM",
        "address": "RT.1/RW.1, Gebangan, Kec. Tegowanu, Kabupaten Grobogan, Jawa Tengah 58165, Indonesia",
        "city": "Kabupaten Grobogan",
        "rating": 4.6,
        "phone": "+62 856-4329-2959"
      },
      "geometry": {
        "type": "Point",
        "coordinates": [
          110.6237066,
          -7.0509403
        ]
      }
    },
    {
      "type": "Feature",
      "properties": {
        "name": "D'Gym Trangkil",
        "address": "RT.2 rw4, Karangjati, Trangkil, Kec. Pati, Kabupaten Pati, Jawa Tengah 59153, Indonesia",
        "city": "Kabupaten Pati",
        "rating": 4.7,
        "phone": "+62 895-4232-45200"
      },
      "geometry": {
        "type": "Point",
        "coordinates": [
          111.0706017,
          -6.6639002
        ]
      }
    },
    {
      "type": "Feature",
      "properties": {
        "name": "Gym 46 Pati",
        "address": "6°45'21.1\"S 111°02'40.8\"E, Pati Wetan/Dosoman, Pati Wetan, Kec. Pati, Kabupaten Pati, Jawa Tengah 59115, Indonesia",
        "city": "Kabupaten Pati",
        "rating": 4.6,
        "phone": "+62 821-3610-4646"
      },
      "geometry": {
        "type": "Point",
        "coordinates": [
          111.0446634,
          -6.755846
        ]
      }
    },
    {
      "type": "Feature",
      "properties": {
        "name": "Bhumi Gym Tatjana (Women Only)",
        "address": "Jl. Tirto Agung No.46, Pedalangan, Kec. Banyumanik, Kota Semarang, Jawa Tengah 20268, Indonesia",
        "city": "Kota Semarang",
        "rating": 4.9,
        "phone": "+62 857-4722-0100"
      },
      "geometry": {
        "type": "Point",
        "coordinates": [
          110.4286674,
          -7.0577889
        ]
      }
    },
    {
      "type": "Feature",
      "properties": {
        "name": "Mey Gym",
        "address": "9M78+GW3, Rw. I, Sukosono, Kec. Kedung, Kabupaten Jepara, Jawa Tengah 59463, Indonesia",
        "city": "Kabupaten Jepara",
        "rating": 4.8,
        "phone": "+62 822-6012-7784"
      },
      "geometry": {
        "type": "Point",
        "coordinates": [
          110.6672932,
          -6.6362324
        ]
      }
    },
    {
      "type": "Feature",
      "properties": {
        "name": "Valentino Gym",
        "address": "Perum BPD 4 No.blok K, Tlogomulyo, Kec. Pedurungan, Kota Semarang, Jawa Tengah 50113, Indonesia",
        "city": "Kota Semarang",
        "rating": 4.6,
        "phone": "+62 895-3602-07998"
      },
      "geometry": {
        "type": "Point",
        "coordinates": [
          110.4814718,
          -6.994411
        ]
      }
    },
    {
      "type": "Feature",
      "properties": {
        "name": "Oryza Gym",
        "address": "WCX8+CPJ, Jl. Kyai Mojo Jl. Setia Budi, Srondol Kulon, Kec. Banyumanik, Kota Semarang, Jawa Tengah 50263, Indonesia",
        "city": "Kota Semarang",
        "rating": 4.2,
        "phone": "+62 857-1364-7798"
      },
      "geometry": {
        "type": "Point",
        "coordinates": [
          110.4167724,
          -7.0514094
        ]
      }
    },
    {
      "type": "Feature",
      "properties": {
        "name": "TOTAL GYM",
        "address": "Jl. Gajah Birowo No.mèr 44, Tlogosari Kulon, Kec. Pedurungan, Kota Semarang, Jawa Tengah 50196, Indonesia",
        "city": "Kota Semarang",
        "rating": 4.6,
        "phone": "+62 895-0657-6268"
      },
      "geometry": {
        "type": "Point",
        "coordinates": [
          110.4566054,
          -6.9785089
        ]
      }
    },
    {
      "type": "Feature",
      "properties": {
        "name": "Hobby Gym Kaliwungu",
        "address": "26PW+35R, Bpi, Plantaran, Kec. Kaliwungu Sel., Kabupaten Kendal, Jawa Tengah 51372, Indonesia",
        "city": "Kabupaten Kendal",
        "rating": 4.8,
        "phone": "+62 899-2323-231"
      },
      "geometry": {
        "type": "Point",
        "coordinates": [
          110.2453783,
          -6.9646883
        ]
      }
    },
    {
      "type": "Feature",
      "properties": {
        "name": "Duta Fitness Body Gym & Aerobic",
        "address": "Jalan Madukoro Raya Ruko Semarang Indah D XI/8, Tawangsari, Semarang barat, Tawangmas, Kec. Semarang Barat, Kota Semarang, Jawa Tengah 50144, Indonesia",
        "city": "Kota Semarang",
        "rating": 4.5,
        "phone": "+62 821-3581-9009"
      },
      "geometry": {
        "type": "Point",
        "coordinates": [
          110.3997379,
          -6.9692393
        ]
      }
    },
    {
      "type": "Feature",
      "properties": {
        "name": "SSC Gym (Samudra Sport Center)",
        "address": "357P+FCH, Tlogo, Dalangan, Kec. Todanan, Kabupaten Blora, Jawa Tengah 58256, Indonesia",
        "city": "Kabupaten Blora",
        "rating": 5,
        "phone": "+62 812-2015-0985"
      },
      "geometry": {
        "type": "Point",
        "coordinates": [
          111.1861189,
          -6.9363201
        ]
      }
    },
    {
      "type": "Feature",
      "properties": {
        "name": "88 Strong Gym Syuhada",
        "address": "Jl. Syuhada Raya No.88, Tlogosari Kulon, Kec. Pedurungan, Kota Semarang, Jawa Tengah 50196, Indonesia",
        "city": "Kota Semarang",
        "rating": 5,
        "phone": "+62 817-9569-167"
      },
      "geometry": {
        "type": "Point",
        "coordinates": [
          110.4656943,
          -6.9923926
        ]
      }
    },
    {
      "type": "Feature",
      "properties": {
        "name": "UPGRIS GYM CENTER",
        "address": "Jl. Gajah Raya No.40, Sambirejo, Kec. Gayamsari, Kota Semarang, Jawa Tengah 50166, Indonesia",
        "city": "Kota Semarang",
        "rating": 5,
        "phone": "+62 851-7303-7371"
      },
      "geometry": {
        "type": "Point",
        "coordinates": [
          110.4490928,
          -6.9837043
        ]
      }
    },
    {
      "type": "Feature",
      "properties": {
        "name": "Gym Fitnes Petekan Kaliwungu",
        "address": "Pandean, Krajan Kulon, Kec. Kaliwungu, Kabupaten Kendal, Jawa Tengah 51372, Indonesia",
        "city": "Kabupaten Kendal",
        "rating": 4.5,
        "phone": "Tidak ada nomor"
      },
      "geometry": {
        "type": "Point",
        "coordinates": [
          110.2500528,
          -6.9601532
        ]
      }
    },
    {
      "type": "Feature",
      "properties": {
        "name": "PION GYM",
        "address": "Jalan Dewi Sartika Timur ( ruko smk ype, Blok B2, Sukorejo, Kec. Gn. Pati, Kota Semarang, Jawa Tengah 50221, Indonesia",
        "city": "Kota Semarang",
        "rating": 4.8,
        "phone": "+62 851-5610-8904"
      },
      "geometry": {
        "type": "Point",
        "coordinates": [
          110.389747,
          -7.020465
        ]
      }
    },
    {
      "type": "Feature",
      "properties": {
        "name": "Lilik gym",
        "address": "Jl. Pedurungan Kidul III No.37, RT.03/RW.01, Gemah, Kec. Pedurungan, Kota Semarang, Jawa Tengah 50192, Indonesia",
        "city": "Kota Semarang",
        "rating": 4.7,
        "phone": "+62 895-0778-1480"
      },
      "geometry": {
        "type": "Point",
        "coordinates": [
          110.4700332,
          -7.0138391
        ]
      }
    },
    {
      "type": "Feature",
      "properties": {
        "name": "SERDADU GYM",
        "address": "29JM+G3Q, RT.02/RW.04, Tamansetro, Tamanrejo, Kec. Tunjungan, Kabupaten Blora, Jawa Tengah 58252, Indonesia",
        "city": "Kabupaten Blora",
        "rating": 4.6,
        "phone": "+62 822-2317-1237"
      },
      "geometry": {
        "type": "Point",
        "coordinates": [
          111.3827344,
          -6.9686625
        ]
      }
    },
    {
      "type": "Feature",
      "properties": {
        "name": "May Gym",
        "address": "Jl. Kayu Manis Timur No.48, RT.8/RW.3, Kayu Manis, Kec. Matraman, Kota Jakarta Timur, Daerah Khusus Ibukota Jakarta 13130, Indonesia",
        "city": "Kota Jakarta Timur",
        "rating": 4.9,
        "phone": "+62 813-8759-9665"
      },
      "geometry": {
        "type": "Point",
        "coordinates": [
          106.8627071,
          -6.200181
        ]
      }
    },
    {
      "type": "Feature",
      "properties": {
        "name": "IDEAL GYM JAGAKARSA",
        "address": "Jl. Moh. Kahfi 1 No.28, RT.3/RW.6, Jagakarsa, Kec. Jagakarsa, Kota Jakarta Selatan, Daerah Khusus Ibukota Jakarta 12620, Indonesia",
        "city": "Kota Jakarta Selatan",
        "rating": 4.9,
        "phone": "+62 858-1353-3307"
      },
      "geometry": {
        "type": "Point",
        "coordinates": [
          106.811591,
          -6.3179245
        ]
      }
    },
    {
      "type": "Feature",
      "properties": {
        "name": "Osbond Gym Cempaka Putih",
        "address": "Jl. Letjen Suprapto No.28, RT.14/RW.3, Harapan Mulya, Kec. Kemayoran, Kota Jakarta Pusat, Daerah Khusus Ibukota Jakarta 10640, Indonesia",
        "city": "Kota Jakarta Pusat",
        "rating": 4.4,
        "phone": "Tidak ada nomor"
      },
      "geometry": {
        "type": "Point",
        "coordinates": [
          106.8554894,
          -6.1738927
        ]
      }
    },
    {
      "type": "Feature",
      "properties": {
        "name": "Emporium Gym Square 1",
        "address": "The Cortado, Jl. Kyai H. Syahdan No.36A Lantai 3, RT.2/RW.12, Kemanggisan, Kec. Palmerah, Kota Jakarta Barat, Daerah Khusus Ibukota Jakarta 11480, Indonesia",
        "city": "Kota Jakarta Barat",
        "rating": 4.4,
        "phone": "Tidak ada nomor"
      },
      "geometry": {
        "type": "Point",
        "coordinates": [
          106.7836029,
          -6.2007445
        ]
      }
    },
    {
      "type": "Feature",
      "properties": {
        "name": "FTL Gym Menteng",
        "address": "Jl. H. Agus Salim No.65, RT.8/RW.4, Gondangdia, Kec. Menteng, Kota Jakarta Pusat, Daerah Khusus Ibukota Jakarta 10350, Indonesia",
        "city": "Kota Jakarta Pusat",
        "rating": 4.5,
        "phone": "+62 818-687-858"
      },
      "geometry": {
        "type": "Point",
        "coordinates": [
          106.8252638,
          -6.1877917
        ]
      }
    },
    {
      "type": "Feature",
      "properties": {
        "name": "MEN GYM SPORT CLUB",
        "address": "Jl. Cipinang Kebembem No.40, RT.8/RW.7, Pisangan Tim., Kec. Pulo Gadung, Kota Jakarta Timur, Daerah Khusus Ibukota Jakarta 13240, Indonesia",
        "city": "Kota Jakarta Timur",
        "rating": 4.6,
        "phone": "+62 811-6571-5122"
      },
      "geometry": {
        "type": "Point",
        "coordinates": [
          106.8854133,
          -6.2117767
        ]
      }
    },
    {
      "type": "Feature",
      "properties": {
        "name": "FTL Gym Tanjung Duren",
        "address": "Jl. Tanjung Duren Raya No.21 Lantai. 2, RT.1/RW.5, South Tanjung Duren, Grogol petamburan, West Jakarta City, Jakarta 11470, Indonesia",
        "city": "Kota Jakarta Barat",
        "rating": 4.6,
        "phone": "+62 818-687-858"
      },
      "geometry": {
        "type": "Point",
        "coordinates": [
          106.7855181,
          -6.1739627
        ]
      }
    },
    {
      "type": "Feature",
      "properties": {
        "name": "OSMAN GYM",
        "address": "Jl. Kramat Asem No.27, RT.12/RW.12, Utan Kayu Sel., Kec. Matraman, Kota Jakarta Timur, Daerah Khusus Ibukota Jakarta 13120, Indonesia",
        "city": "Kota Jakarta Timur",
        "rating": 4.6,
        "phone": "+62 811-954-417"
      },
      "geometry": {
        "type": "Point",
        "coordinates": [
          106.8677917,
          -6.203458
        ]
      }
    },
    {
      "type": "Feature",
      "properties": {
        "name": "Hardcore Gym",
        "address": "Jalan Matraman Raya No.65 RT.01 / RW.04 Palmeriam Matraman RT.5, Jl. Matraman Raya No.63 5, RT.5/RW.4, Palmeriam, Kec. Matraman, Kota Jakarta Timur, Daerah Khusus Ibukota Jakarta 13140, Indonesia",
        "city": "Kota Jakarta Timur",
        "rating": 4.4,
        "phone": "+62 21 8504879"
      },
      "geometry": {
        "type": "Point",
        "coordinates": [
          106.8576224,
          -6.203618
        ]
      }
    },
    {
      "type": "Feature",
      "properties": {
        "name": "Osbond Gym Season City",
        "address": "Seasons City Mall, Jl. Prof. Dr. Latumeten No.33 13, RT.13/RW.1, Jemb. Besi, Kec. Tambora, Kota Jakarta Barat, Daerah Khusus Ibukota Jakarta 11320, Indonesia",
        "city": "Kota Jakarta Barat",
        "rating": 4.4,
        "phone": "+62 811-8285-058"
      },
      "geometry": {
        "type": "Point",
        "coordinates": [
          106.796084,
          -6.1534123
        ]
      }
    },
    {
      "type": "Feature",
      "properties": {
        "name": "Awesome Gym",
        "address": "Tomang Tol Plaza, Jalan Saluran Inspeksi Jl. Raya Kalimalang No.1 Lantai 2, RT.2/RW.16, Duren Sawit, Kec. Duren Sawit, Kota Jakarta Timur, Daerah Khusus Ibukota Jakarta 13440, Indonesia",
        "city": "Kota Jakarta Timur",
        "rating": 4.6,
        "phone": "+62 822-9703-0160"
      },
      "geometry": {
        "type": "Point",
        "coordinates": [
          106.9120402,
          -6.2475749
        ]
      }
    },
    {
      "type": "Feature",
      "properties": {
        "name": "UNITED GYM",
        "address": "Ruko Mutiara Taman, Jl. Taman Palem Mutiara No.10 s/19 Blok i1, RT.4/RW.14, Cengkareng Tim., Kecamatan Cengkareng, Kota Jakarta Barat, Daerah Khusus Ibukota Jakarta 11730, Indonesia",
        "city": "Kota Jakarta Barat",
        "rating": 4.6,
        "phone": "+62 811-9297-972"
      },
      "geometry": {
        "type": "Point",
        "coordinates": [
          106.7359034,
          -6.1417231
        ]
      }
    },
    {
      "type": "Feature",
      "properties": {
        "name": "Grip & Bars Gym",
        "address": "Jl. Sunter Jaya Bar. No.08, RT.12/RW.6, Sunter Jaya, Kec. Tj. Priok, Jkt Utara, Daerah Khusus Ibukota Jakarta 14360, Indonesia",
        "city": "Jkt Utara",
        "rating": 4.9,
        "phone": "+62 878-7073-6696"
      },
      "geometry": {
        "type": "Point",
        "coordinates": [
          106.8713813,
          -6.1522128
        ]
      }
    },
    {
      "type": "Feature",
      "properties": {
        "name": "DESTROYER MUSCLE GYM",
        "address": "Ruko Graha Harapan Regency Blok AI-1, Babelan Kota, Kec. Babelan, Kabupaten Bekasi, Jawa Barat 17610, Indonesia",
        "city": "Kabupaten Bekasi",
        "rating": 5,
        "phone": "+62 878-8160-7699"
      },
      "geometry": {
        "type": "Point",
        "coordinates": [
          107.0304737,
          -6.1611067
        ]
      }
    },
    {
      "type": "Feature",
      "properties": {
        "name": "Gorilla GYM Jakarta",
        "address": "Jl. Raya Cirendeu No.31 1, RT.1/RW.4, Lb. Bulus, Kec. Cilandak, Kota Jakarta Selatan, Daerah Khusus Ibukota Jakarta 12440, Indonesia",
        "city": "Kota Jakarta Selatan",
        "rating": 4.5,
        "phone": "Tidak ada nomor"
      },
      "geometry": {
        "type": "Point",
        "coordinates": [
          106.7738399,
          -6.303868
        ]
      }
    },
    {
      "type": "Feature",
      "properties": {
        "name": "Aka Gym fitness",
        "address": "Samping POM Bensin Grand Galaxy Jl. Raya Pekayon. 90 Jalan Nasional, Jl. Raya Jatiasih Jl. Taman Peninsula No.1, RT.001/RW.002, Jaka Setia, Kec. Bekasi Sel., Kota Bks, Jawa Barat 17424, Indonesia",
        "city": "Kota Bks",
        "rating": 4.6,
        "phone": "+62 812-8877-7666"
      },
      "geometry": {
        "type": "Point",
        "coordinates": [
          106.9724224,
          -6.2793949
        ]
      }
    },
    {
      "type": "Feature",
      "properties": {
        "name": "Paskelam Gym and Fitnees",
        "address": "Jl. KH Abdullah Syafei No.29, RT.1/RW.1, Manggarai Sel., Kec. Tebet, Kota Jakarta Selatan, Daerah Khusus Ibukota Jakarta 12810, Indonesia",
        "city": "Kota Jakarta Selatan",
        "rating": 4.7,
        "phone": "+62 878-7756-0603"
      },
      "geometry": {
        "type": "Point",
        "coordinates": [
          106.8481603,
          -6.2239064
        ]
      }
    },
    {
      "type": "Feature",
      "properties": {
        "name": "Osbond Gym Bassura Mall",
        "address": "Mall@Bassura, Jl. Jenderal Basuki Rachmat No.40 lt. 2, RT.8/RW.10, Cipinang Besar Sel., Kecamatan Jatinegara, Kota Jakarta Timur, Daerah Khusus Ibukota Jakarta 13410, Indonesia",
        "city": "Kota Jakarta Timur",
        "rating": 4.3,
        "phone": "+62 811-9058-068"
      },
      "geometry": {
        "type": "Point",
        "coordinates": [
          106.8779803,
          -6.224423
        ]
      }
    },
    {
      "type": "Feature",
      "properties": {
        "name": "Omega Gym",
        "address": "Jalan A Karang Anyar No.57, RT.9/RW.7, Karang anyar, Sawah Besar, RT.9/RW.7, Kartini, Sawah Besar, Central Jakarta City, Jakarta 10740, Indonesia",
        "city": "Kota Jakarta Pusat",
        "rating": 4.6,
        "phone": "+62 823-1882-8332"
      },
      "geometry": {
        "type": "Point",
        "coordinates": [
          106.8313411,
          -6.1551204
        ]
      }
    },
    {
      "type": "Feature",
      "properties": {
        "name": "Pass Banget Gym",
        "address": "Gg. H.M.Izi No.68A 10, RT.10/RW.5, Cililitan, Kec. Kramat jati, Kota Jakarta Timur, Daerah Khusus Ibukota Jakarta 13640, Indonesia",
        "city": "Kota Jakarta Timur",
        "rating": 4.6,
        "phone": "+62 813-1978-1766"
      },
      "geometry": {
        "type": "Point",
        "coordinates": [
          106.8629462,
          -6.2655635
        ]
      }
    },
    {
      "type": "Feature",
      "properties": {
        "name": "LAP. KADUSULUH",
        "address": "JW93+83V, Karyasari, Kec. Cikedal, Kabupaten Pandeglang, Banten 42271, Indonesia",
        "city": "Kabupaten Pandeglang",
        "rating": 4.8,
        "phone": "Tidak ada nomor"
      },
      "geometry": {
        "type": "Point",
        "coordinates": [
          105.9026626,
          -6.3816377
        ]
      }
    },
    {
      "type": "Feature",
      "properties": {
        "name": "My Home",
        "address": "JWM4+7HQ, Kp. Kokok, RT./RW/RW.001/006, Muruy, Kec. Menes, Kabupaten Pandeglang, Banten 42262, Indonesia",
        "city": "Kabupaten Pandeglang",
        "rating": "Belum ada rating",
        "phone": "Tidak ada nomor"
      },
      "geometry": {
        "type": "Point",
        "coordinates": [
          105.9064862,
          -6.3667921
        ]
      }
    },
    {
      "type": "Feature",
      "properties": {
        "name": "LAPANGAN OLAHRAGA - VOLEY BALL",
        "address": "FRMC+XGJ, Mekarjaya, Kec. Panimbang, Kabupaten Pandeglang, Banten 42281, Indonesia",
        "city": "Kabupaten Pandeglang",
        "rating": 4,
        "phone": "Tidak ada nomor"
      },
      "geometry": {
        "type": "Point",
        "coordinates": [
          105.8213683,
          -6.5147511
        ]
      }
    },
    {
      "type": "Feature",
      "properties": {
        "name": "Rumpon",
        "address": "HP4F+FC, Citeureup, Kabupaten Pandeglang, Banten, Indonesia",
        "city": "Kabupaten Pandeglang",
        "rating": "Belum ada rating",
        "phone": "Tidak ada nomor"
      },
      "geometry": {
        "type": "Point",
        "coordinates": [
          105.723588,
          -6.443849
        ]
      }
    },
    {
      "type": "Feature",
      "properties": {
        "name": "Sanggar Aerobic Aura Anyer",
        "address": "WVJR+FVC, Jl. Raya Anyer-Sirih, Cikoneng, Kec. Anyar, Kabupaten Serang, Banten 42166, Indonesia",
        "city": "Kabupaten Serang",
        "rating": 5,
        "phone": "+62 878-8100-4453"
      },
      "geometry": {
        "type": "Point",
        "coordinates": [
          105.8921504,
          -6.0688043
        ]
      }
    },
    {
      "type": "Feature",
      "properties": {
        "name": "Harjati Palace",
        "address": "Jl. Raya Carita km 13,5, Sukarame, Carita, Pandeglang Regency, Banten 42264, Indonesia",
        "city": "Kabupaten Pandeglang",
        "rating": 5,
        "phone": "+62 253 880757"
      },
      "geometry": {
        "type": "Point",
        "coordinates": [
          105.826468,
          -6.280328
        ]
      }
    },
    {
      "type": "Feature",
      "properties": {
        "name": "Pamsimas III 2020 KKM ANUGRAH LESTARI LABUAN",
        "address": "JRFJ+RCQ, Kp. Sumur Kopo, RT.01/RW.07, Labuan, Kec. Labuan, Kabupaten Pandeglang, Banten 42264, Indonesia",
        "city": "Kabupaten Pandeglang",
        "rating": 4.8,
        "phone": "Tidak ada nomor"
      },
      "geometry": {
        "type": "Point",
        "coordinates": [
          105.831121,
          -6.3754092
        ]
      }
    },
    {
      "type": "Feature",
      "properties": {
        "name": "Lapangan Sukajaya",
        "address": "7RH9+98Q, Nanggala, Kec. Cikeusik, Kabupaten Pandeglang, Banten 42286, Indonesia",
        "city": "Kabupaten Pandeglang",
        "rating": 4.2,
        "phone": "Tidak ada nomor"
      },
      "geometry": {
        "type": "Point",
        "coordinates": [
          105.8183702,
          -6.7215251
        ]
      }
    },
    {
      "type": "Feature",
      "properties": {
        "name": "Lapangan Volly TBC Team",
        "address": "VWV3+97M, Bandulu, Kec. Anyar, Kabupaten Serang, Banten 42166, Indonesia",
        "city": "Kabupaten Serang",
        "rating": 4.2,
        "phone": "Tidak ada nomor"
      },
      "geometry": {
        "type": "Point",
        "coordinates": [
          105.903174,
          -6.1065497
        ]
      }
    },
    {
      "type": "Feature",
      "properties": {
        "name": "Lapang Voly Ball Abatasa",
        "address": "RV6H+933, Bantarwaru, Kec. Cinangka, Kabupaten Serang, Banten 42167, Indonesia",
        "city": "Kabupaten Serang",
        "rating": 5,
        "phone": "Tidak ada nomor"
      },
      "geometry": {
        "type": "Point",
        "coordinates": [
          105.8776712,
          -6.1891134
        ]
      }
    },
    {
      "type": "Feature",
      "properties": {
        "name": "Stadion Mini Tanjungjaya",
        "address": "FMFJ+C9W, Unnamed Road, Tanjungjaya, Panimbang, Pandeglang Regency, Banten 42281, Indonesia",
        "city": "Kabupaten Pandeglang",
        "rating": 4,
        "phone": "+62 838-4150-9161"
      },
      "geometry": {
        "type": "Point",
        "coordinates": [
          105.6809497,
          -6.5263849
        ]
      }
    },
    {
      "type": "Feature",
      "properties": {
        "name": "MMA MTs Cabang Babadsari Jiput",
        "address": "MV44+485, Babadsari, Kec. Jiput, Kabupaten Pandeglang, Banten 42263, Indonesia",
        "city": "Kabupaten Pandeglang",
        "rating": "Belum ada rating",
        "phone": "Tidak ada nomor"
      },
      "geometry": {
        "type": "Point",
        "coordinates": [
          105.8558444,
          -6.3447364
        ]
      }
    },
    {
      "type": "Feature",
      "properties": {
        "name": "Infinix hot 8",
        "address": "CW54+G45, Kotadukuh, Kec. Munjul, Kabupaten Pandeglang, Banten 42276, Indonesia",
        "city": "Kabupaten Pandeglang",
        "rating": "Belum ada rating",
        "phone": "Tidak ada nomor"
      },
      "geometry": {
        "type": "Point",
        "coordinates": [
          105.9053689,
          -6.5912415
        ]
      }
    },
    {
      "type": "Feature",
      "properties": {
        "name": "Gor",
        "address": "HVG7+JC6, Kp. Ciupas, Sukadame, Kec. Pagelaran, Kabupaten Pandeglang, Banten 42265, Indonesia",
        "city": "Kabupaten Pandeglang",
        "rating": 4,
        "phone": "+62 838-4141-3432"
      },
      "geometry": {
        "type": "Point",
        "coordinates": [
          105.8635104,
          -6.4234508
        ]
      }
    },
    {
      "type": "Feature",
      "properties": {
        "name": "Penginapan Eleven",
        "address": "Karang Suraga, Kec. Cinangka, Kabupaten Serang, Banten 42167, Indonesia",
        "city": "Kabupaten Serang",
        "rating": 4.2,
        "phone": "+62 878-0952-8023"
      },
      "geometry": {
        "type": "Point",
        "coordinates": [
          105.85139,
          -6.1674695
        ]
      }
    },
    {
      "type": "Feature",
      "properties": {
        "name": "Persatuan Tenis Meja (PTM) Garda Labuan",
        "address": "JR9M+M2C, Jl. Amd, Labuan, Kec. Labuan, Kabupaten Pandeglang, Banten 42264, Indonesia",
        "city": "Kabupaten Pandeglang",
        "rating": 4.7,
        "phone": "Tidak ada nomor"
      },
      "geometry": {
        "type": "Point",
        "coordinates": [
          105.8325142,
          -6.3808192
        ]
      }
    },
    {
      "type": "Feature",
      "properties": {
        "name": "koranji",
        "address": "MWCH+565, Sukasari, Kec. Pulosari, Kabupaten Pandeglang, Banten 42262, Indonesia",
        "city": "Kabupaten Pandeglang",
        "rating": "Belum ada rating",
        "phone": "Tidak ada nomor"
      },
      "geometry": {
        "type": "Point",
        "coordinates": [
          105.9281166,
          -6.3296205
        ]
      }
    },
    {
      "type": "Feature",
      "properties": {
        "name": "Lapangan Volley ball Citepuseun",
        "address": "Kp citepuseun No.RT.01, Labanjaya, Kec. Banjarsari, Kabupaten Lebak, Banten 42355, Indonesia",
        "city": "Kabupaten Lebak",
        "rating": "Belum ada rating",
        "phone": "+62 858-8873-1841"
      },
      "geometry": {
        "type": "Point",
        "coordinates": [
          105.9429588,
          -6.5946314
        ]
      }
    },
    {
      "type": "Feature",
      "properties": {
        "name": "Champion Gym",
        "address": "Jl. Dr. Sutomo No.50, Kauman, Kec. Jepara, Kabupaten Jepara, Jawa Tengah 60264, Indonesia",
        "city": "Kabupaten Jepara",
        "rating": 4.3,
        "phone": "+62 858-6832-2777"
      },
      "geometry": {
        "type": "Point",
        "coordinates": [
          110.6631294,
          -6.5925844
        ]
      }
    },
    {
      "type": "Feature",
      "properties": {
        "name": "Java Gym",
        "address": "5VPQ+VWV, Jati, Golantepus, Kec. Mejobo, Kabupaten Kudus, Jawa Tengah 59381, Indonesia",
        "city": "Kabupaten Kudus",
        "rating": 4.4,
        "phone": "+62 852-2507-4013"
      },
      "geometry": {
        "type": "Point",
        "coordinates": [
          110.8897865,
          -6.8127639
        ]
      }
    },
    {
      "type": "Feature",
      "properties": {
        "name": "Boss Gym",
        "address": "Bongsari, Kec. Semarang Barat, Kota Semarang, Jawa Tengah 50148, Indonesia",
        "city": "Kota Semarang",
        "rating": 4.5,
        "phone": "+62 822-2745-5600"
      },
      "geometry": {
        "type": "Point",
        "coordinates": [
          110.3915726,
          -6.992074
        ]
      }
    },
    {
      "type": "Feature",
      "properties": {
        "name": "Paus Gym Sampangan",
        "address": "Jl. Menoreh Raya No.19, Sampangan, Kec. Gajahmungkur, Kota Semarang, Jawa Tengah 50236, Indonesia",
        "city": "Kota Semarang",
        "rating": 4.6,
        "phone": "+62 815-6569-195"
      },
      "geometry": {
        "type": "Point",
        "coordinates": [
          110.3937298,
          -7.0092045
        ]
      }
    },
    {
      "type": "Feature",
      "properties": {
        "name": "Prima Gym Demak",
        "address": "4J6J+MVP, Jl. Demak - Bonang, Krajan, Mangunjiwan, Kec. Demak, Kabupaten Demak, Jawa Tengah 59515, Indonesia",
        "city": "Kabupaten Demak",
        "rating": 4.2,
        "phone": "+62 812-2692-2920"
      },
      "geometry": {
        "type": "Point",
        "coordinates": [
          110.6322091,
          -6.8882981
        ]
      }
    },
    {
      "type": "Feature",
      "properties": {
        "name": "Power Gym Citandui Body Fit",
        "address": "Jl. Citandui IV No.2, Mlatiharjo, Kec. Semarang Tim., Kota Semarang, Jawa Tengah 50126, Indonesia",
        "city": "Kota Semarang",
        "rating": 4.7,
        "phone": "+62 895-3819-12244"
      },
      "geometry": {
        "type": "Point",
        "coordinates": [
          110.4409889,
          -6.9666222
        ]
      }
    },
    {
      "type": "Feature",
      "properties": {
        "name": "eNHa Gym",
        "address": "Jalan Raya Buyaran No.RT 03, RT.03/RW.06, Sulonjari, Bakalrejo, Kec. Guntur, Kabupaten Demak, Jawa Tengah 59565, Indonesia",
        "city": "Kabupaten Demak",
        "rating": 4.7,
        "phone": "+62 812-2737-3793"
      },
      "geometry": {
        "type": "Point",
        "coordinates": [
          110.611246,
          -6.9564502
        ]
      }
    },
    {
      "type": "Feature",
      "properties": {
        "name": "Arnoz Gym",
        "address": "Jl. Pucang Gading Raya No.8, Pucanggading, Batursari, Kec. Mranggen, Kabupaten Demak, Jawa Tengah 59567, Indonesia",
        "city": "Kabupaten Demak",
        "rating": 4.7,
        "phone": "+62 812-3095-7602"
      },
      "geometry": {
        "type": "Point",
        "coordinates": [
          110.491528,
          -7.0385213
        ]
      }
    },
    {
      "type": "Feature",
      "properties": {
        "name": "Happy Gym",
        "address": "2792+MHR, Jl. Raya Boja - Kaliwungu, Proto Wetan, Protomulyo, Kec. Kaliwungu Sel., Kabupaten Kendal, Jawa Tengah 51372, Indonesia",
        "city": "Kabupaten Kendal",
        "rating": 4.5,
        "phone": "Tidak ada nomor"
      },
      "geometry": {
        "type": "Point",
        "coordinates": [
          110.251383,
          -6.9807617
        ]
      }
    },
    {
      "type": "Feature",
      "properties": {
        "name": "Commando Gym",
        "address": "Jl. Depoksari Raya No.4, RT.08/RW.27, Tlogosari Kulon, Kec. Pedurungan, Kota Semarang, Jawa Tengah 50196, Indonesia",
        "city": "Kota Semarang",
        "rating": 4.5,
        "phone": "+62 857-2784-4741"
      },
      "geometry": {
        "type": "Point",
        "coordinates": [
          110.465012,
          -6.9981474
        ]
      }
    },
    {
      "type": "Feature",
      "properties": {
        "name": "Solid GYM",
        "address": "utara tol Gg. 2, Pabrik Kulon, Pekajangan, Kec. Kedungwuni, Kabupaten Pekalongan, Jawa Tengah 51173, Indonesia",
        "city": "Kabupaten Pekalongan",
        "rating": 4.7,
        "phone": "Tidak ada nomor"
      },
      "geometry": {
        "type": "Point",
        "coordinates": [
          109.6498322,
          -6.9506614
        ]
      }
    },
    {
      "type": "Feature",
      "properties": {
        "name": "HULK GYM Fitness centre",
        "address": "Jl. Manggis Sidorejo, Kaum, Subah, Kec. Subah, Kabupaten Batang, Jawa Tengah 51262, Indonesia",
        "city": "Kabupaten Batang",
        "rating": 4.8,
        "phone": "+62 852-2686-6585"
      },
      "geometry": {
        "type": "Point",
        "coordinates": [
          109.8758139,
          -6.9701939
        ]
      }
    },
    {
      "type": "Feature",
      "properties": {
        "name": "G40 Gym by Yuk Bugar",
        "address": "Pekunden, Kec. Semarang Tengah, Kota Semarang, Jawa Tengah 50134, Indonesia",
        "city": "Kota Semarang",
        "rating": 4.7,
        "phone": "+62 857-6852-1141"
      },
      "geometry": {
        "type": "Point",
        "coordinates": [
          110.4137762,
          -6.9857113
        ]
      }
    },
    {
      "type": "Feature",
      "properties": {
        "name": "X Team Gym Semarang",
        "address": "Jl. Singosari Raya No.28, Wonodri, Kec. Semarang Sel., Kota Semarang, Jawa Tengah 50241, Indonesia",
        "city": "Kota Semarang",
        "rating": 4.4,
        "phone": "+62 851-8300-3560"
      },
      "geometry": {
        "type": "Point",
        "coordinates": [
          110.4255831,
          -7.0007954
        ]
      }
    },
    {
      "type": "Feature",
      "properties": {
        "name": "Flozor's Fitness",
        "address": "Jl. Puspowarno Tengah No.6, Salamanmloyo, Kec. Semarang Barat, Kota Semarang, Jawa Tengah 50149, Indonesia",
        "city": "Kota Semarang",
        "rating": 4.8,
        "phone": "+62 817-0706-999"
      },
      "geometry": {
        "type": "Point",
        "coordinates": [
          110.3935084,
          -6.9831107
        ]
      }
    },
    {
      "type": "Feature",
      "properties": {
        "name": "WE GYM",
        "address": "HOMI 2th Floor, Jl. Soekarno Hatta No.275A, Kalicari, Kec. Pedurungan, Kota Semarang, Jawa Tengah 50198, Indonesia",
        "city": "Kota Semarang",
        "rating": 4.6,
        "phone": "+62 815-7612-778"
      },
      "geometry": {
        "type": "Point",
        "coordinates": [
          110.4544185,
          -6.9853655
        ]
      }
    },
    {
      "type": "Feature",
      "properties": {
        "name": "RR GYM Limpung",
        "address": "Gepor, RT.02/RW.03, Limpung, Kec. Limpung, Kabupaten Batang, Jawa Tengah 51271, Indonesia",
        "city": "Kabupaten Batang",
        "rating": 4.6,
        "phone": "+62 852-2533-3890"
      },
      "geometry": {
        "type": "Point",
        "coordinates": [
          109.9183476,
          -7.0149353
        ]
      }
    },
    {
      "type": "Feature",
      "properties": {
        "name": "HOME GYM",
        "address": "882C+774, Jl. Gajah Mada, Gegunung Kulon, Kec. Rembang, Kabupaten Rembang, Jawa Tengah 59213, Indonesia",
        "city": "Kabupaten Rembang",
        "rating": 4.7,
        "phone": "+62 823-2742-4111"
      },
      "geometry": {
        "type": "Point",
        "coordinates": [
          111.3206962,
          -6.6993555
        ]
      }
    },
    {
      "type": "Feature",
      "properties": {
        "name": "Ferry Muscle Gym Godong",
        "address": "Mulungan, Jatilor, Kec. Godong, Kabupaten Grobogan, Jawa Tengah 58162, Indonesia",
        "city": "Kabupaten Grobogan",
        "rating": 5,
        "phone": "Tidak ada nomor"
      },
      "geometry": {
        "type": "Point",
        "coordinates": [
          110.8067558,
          -7.0378291
        ]
      }
    },
    {
      "type": "Feature",
      "properties": {
        "name": "Flobamora Gym Fitnes",
        "address": "Jl. Puspanjolo Barat III No.4, Cabean, Kec. Semarang Barat, Kota Semarang, Jawa Tengah 50141, Indonesia",
        "city": "Kota Semarang",
        "rating": 4.8,
        "phone": "+62 878-3100-3926"
      },
      "geometry": {
        "type": "Point",
        "coordinates": [
          110.3970687,
          -6.9832681
        ]
      }
    },
    {
      "type": "Feature",
      "properties": {
        "name": "Sanggar Senam DD Aerobics",
        "address": "JRCF+4P8, Jl. Amd, Cigondang, Kec. Labuan, Kabupaten Pandeglang, Banten 42264, Indonesia",
        "city": "Kabupaten Pandeglang",
        "rating": 3.6,
        "phone": "+62 813-8214-0520"
      },
      "geometry": {
        "type": "Point",
        "coordinates": [
          105.8243239,
          -6.379714
        ]
      }
    },
    {
      "type": "Feature",
      "properties": {
        "name": "lapangan badminton ck panjang",
        "address": "MW85+CGG, Unnamed Road, Sukaraja, Kec. Pulosari, Kabupaten Pandeglang, Banten 42263, Indonesia",
        "city": "Kabupaten Pandeglang",
        "rating": 3,
        "phone": "Tidak ada nomor"
      },
      "geometry": {
        "type": "Point",
        "coordinates": [
          105.9088343,
          -6.3339387
        ]
      }
    },
    {
      "type": "Feature",
      "properties": {
        "name": "Lapangan Volleyball PRAKSI",
        "address": "RVGP+WPX, Kubang Baros, Kec. Cinangka, Kabupaten Serang, Banten 42167, Indonesia",
        "city": "Kabupaten Serang",
        "rating": 5,
        "phone": "+62 877-8172-8159"
      },
      "geometry": {
        "type": "Point",
        "coordinates": [
          105.8868615,
          -6.1726373
        ]
      }
    },
    {
      "type": "Feature",
      "properties": {
        "name": "Panimbang Sport & Musik",
        "address": "Jl. Raya Tj. Lesung No.54, Pasar, Panimbangjaya, Kec. Panimbang, Kabupaten Pandeglang, Banten 42281, Indonesia",
        "city": "Kabupaten Pandeglang",
        "rating": 4.7,
        "phone": "+62 877-0988-6368"
      },
      "geometry": {
        "type": "Point",
        "coordinates": [
          105.7998105,
          -6.4913883
        ]
      }
    },
    {
      "type": "Feature",
      "properties": {
        "name": "Sanggar Senam Amanda",
        "address": "WWP6+R72, Jl. Raya Anyar-Siring, Mekarsari, Kec. Anyar, Kabupaten Serang, Banten 42166, Indonesia",
        "city": "Kabupaten Serang",
        "rating": 3.7,
        "phone": "Tidak ada nomor"
      },
      "geometry": {
        "type": "Point",
        "coordinates": [
          105.9106481,
          -6.0629937
        ]
      }
    },
    {
      "type": "Feature",
      "properties": {
        "name": "Empang Abah Sarmani",
        "address": "GRJ8+M98, Cibungur, Kec. Sukaresmi, Kabupaten Pandeglang, Banten 42265, Indonesia",
        "city": "Kabupaten Pandeglang",
        "rating": 3.5,
        "phone": "Tidak ada nomor"
      },
      "geometry": {
        "type": "Point",
        "coordinates": [
          105.8159491,
          -6.4683408
        ]
      }
    },
    {
      "type": "Feature",
      "properties": {
        "name": "THE WEST COVE HOTEL",
        "address": "Jl Raya Pantai Anyer KM 145 Desa Bulakan, Cinangka, Kec. Cinangka, Kabupaten Serang, Banten 42167, Indonesia",
        "city": "Kabupaten Serang",
        "rating": 4.8,
        "phone": "+62 852-1718-5568"
      },
      "geometry": {
        "type": "Point",
        "coordinates": [
          105.8411943,
          -6.1937942
        ]
      }
    },
    {
      "type": "Feature",
      "properties": {
        "name": "Lapangan Volly",
        "address": "JRFP+7M5, Kalanganyar, Kec. Labuan, Kabupaten Pandeglang, Banten 42264, Indonesia",
        "city": "Kabupaten Pandeglang",
        "rating": "Belum ada rating",
        "phone": "Tidak ada nomor"
      },
      "geometry": {
        "type": "Point",
        "coordinates": [
          105.8367406,
          -6.376874
        ]
      }
    },
    {
      "type": "Feature",
      "properties": {
        "name": "PUTRI YANTI",
        "address": "HR3X+HR8, Rahayu, Patia, Kabupaten Pandeglang, Banten 42265, Indonesia",
        "city": "Kabupaten Pandeglang",
        "rating": "Belum ada rating",
        "phone": "+62 838-7315-7262"
      },
      "geometry": {
        "type": "Point",
        "coordinates": [
          105.8495796,
          -6.4460874
        ]
      }
    },
    {
      "type": "Feature",
      "properties": {
        "name": "Rumah tya",
        "address": "HWG5+JJH, Kubangkondang, Kec. Cisata, Kabupaten Pandeglang, Banten 42273, Indonesia",
        "city": "Kabupaten Pandeglang",
        "rating": "Belum ada rating",
        "phone": "Tidak ada nomor"
      },
      "geometry": {
        "type": "Point",
        "coordinates": [
          105.9096777,
          -6.4231522
        ]
      }
    },
    {
      "type": "Feature",
      "properties": {
        "name": "Lapangan volleyball",
        "address": "CR6M+XFV, Padamulya, Kec. Angsana, Kabupaten Pandeglang, Banten 42277, Indonesia",
        "city": "Kabupaten Pandeglang",
        "rating": "Belum ada rating",
        "phone": "+62 857-1823-7223"
      },
      "geometry": {
        "type": "Point",
        "coordinates": [
          105.8336814,
          -6.587512
        ]
      }
    },
    {
      "type": "Feature",
      "properties": {
        "name": "SANGGAR DINA",
        "address": "JRJF+63R, Teluk, Kec. Labuan, Kabupaten Pandeglang, Banten 42264, Indonesia",
        "city": "Kabupaten Pandeglang",
        "rating": "Belum ada rating",
        "phone": "Tidak ada nomor"
      },
      "geometry": {
        "type": "Point",
        "coordinates": [
          105.8226544,
          -6.3693836
        ]
      }
    },
    {
      "type": "Feature",
      "properties": {
        "name": "Sanggar Senam Aerobic Aura",
        "address": "Mekarsari, Kec. Anyar, Kabupaten Serang, Banten, Indonesia",
        "city": "Kabupaten Serang",
        "rating": "Belum ada rating",
        "phone": "Tidak ada nomor"
      },
      "geometry": {
        "type": "Point",
        "coordinates": [
          105.9183322,
          -6.056472
        ]
      }
    },
    {
      "type": "Feature",
      "properties": {
        "name": "Lapangan Bola",
        "address": "FVPF+86M, Turus, Patia, Kabupaten Pandeglang, Banten 42265, Indonesia",
        "city": "Kabupaten Pandeglang",
        "rating": 2.3,
        "phone": "Tidak ada nomor"
      },
      "geometry": {
        "type": "Point",
        "coordinates": [
          105.8730621,
          -6.5141687
        ]
      }
    },
    {
      "type": "Feature",
      "properties": {
        "name": "Sanghyang Indah Spa Resort",
        "address": "Jl. Raya Sirih No.KM. 128, Cikoneng, Kec. Anyar, Kabupaten Serang, Banten 42166, Indonesia",
        "city": "Kabupaten Serang",
        "rating": 4.4,
        "phone": "+62 254 600888"
      },
      "geometry": {
        "type": "Point",
        "coordinates": [
          105.8995004,
          -6.0627302
        ]
      }
    },
    {
      "type": "Feature",
      "properties": {
        "name": "Sanggar Senam Ira Aerobic & Zumba",
        "address": "Caringin, Kec. Labuan, Kabupaten Pandeglang, Banten, Indonesia",
        "city": "Kabupaten Pandeglang",
        "rating": "Belum ada rating",
        "phone": "Tidak ada nomor"
      },
      "geometry": {
        "type": "Point",
        "coordinates": [
          105.8267716,
          -6.3499939
        ]
      }
    },
    {
      "type": "Feature",
      "properties": {
        "name": "ENERGY GYM",
        "address": "GV6G+QW7, Karang Asem Bar., Kec. Citeureup, Kabupaten Bogor, Jawa Barat 16810, Indonesia",
        "city": "Kabupaten Bogor",
        "rating": 4.7,
        "phone": "+62 822-1155-0099"
      },
      "geometry": {
        "type": "Point",
        "coordinates": [
          106.8773013,
          -6.4880969
        ]
      }
    },
    {
      "type": "Feature",
      "properties": {
        "name": "ONEMORE GYM",
        "address": "Jl. Raya Kby. Lama No.227 10, RT.10/RW.1, Grogol Sel., Kec. Kebayoran Lama, Kota Jakarta Selatan, Daerah Khusus Ibukota Jakarta 12220, Indonesia",
        "city": "Kota Jakarta Selatan",
        "rating": 4.6,
        "phone": "Tidak ada nomor"
      },
      "geometry": {
        "type": "Point",
        "coordinates": [
          106.7804662,
          -6.2330214
        ]
      }
    },
    {
      "type": "Feature",
      "properties": {
        "name": "Arslan Gym",
        "address": "Jalan Meruya Utara Raya No. 36A, RT03/11, RT.18/RW.4, Meruya Utara, Kec. Kembangan, Kota Jakarta Barat, Daerah Khusus Ibukota Jakarta 11620, Indonesia",
        "city": "Kota Jakarta Barat",
        "rating": 4.5,
        "phone": "+62 21 22545880"
      },
      "geometry": {
        "type": "Point",
        "coordinates": [
          106.7305042,
          -6.1959171
        ]
      }
    },
    {
      "type": "Feature",
      "properties": {
        "name": "IKIGAI Fitness Kartini - Gym Center",
        "address": "Jl. Kartini No.11N, Depok, Kec. Pancoran Mas, Kota Depok, Jawa Barat 16431, Indonesia",
        "city": "Kota Depok",
        "rating": 4.8,
        "phone": "+62 21 77204900"
      },
      "geometry": {
        "type": "Point",
        "coordinates": [
          106.8187332,
          -6.4067352
        ]
      }
    },
    {
      "type": "Feature",
      "properties": {
        "name": "Bije's Gym",
        "address": "Jl. Menjangan 1 No.95, RT.06/RW.01, Setubungur, Pd. Ranji, Kec. Ciputat Tim., Kota Tangerang Selatan, Banten 15412, Indonesia",
        "city": "Kota Tangerang Selatan",
        "rating": 4.8,
        "phone": "+62 813-8522-4252"
      },
      "geometry": {
        "type": "Point",
        "coordinates": [
          106.7405776,
          -6.2901542
        ]
      }
    },
    {
      "type": "Feature",
      "properties": {
        "name": "FTL Gym Ciputat",
        "address": "Ciputat Indah Permai, Jl. Ir H. Juanda No.18, Pisangan, Ciputat Timur, South Tangerang City, Banten 15411, Indonesia",
        "city": "Kota Tangerang Selatan",
        "rating": 4.6,
        "phone": "+62 818-687-858"
      },
      "geometry": {
        "type": "Point",
        "coordinates": [
          106.753405,
          -6.3123186
        ]
      }
    },
    {
      "type": "Feature",
      "properties": {
        "name": "X Team Gym Depok",
        "address": "Jl. Akses UI Jl. Komjen. Pol. M. Jasin No.6, Tugu, Kec. Cimanggis, Kota Depok, Jawa Barat 16451, Indonesia",
        "city": "Kota Depok",
        "rating": 4.5,
        "phone": "+62 877-8661-3560"
      },
      "geometry": {
        "type": "Point",
        "coordinates": [
          106.8490216,
          -6.355626
        ]
      }
    },
    {
      "type": "Feature",
      "properties": {
        "name": "FR Gym",
        "address": "Jl. Artzimar III, RT.04/RW.03, Tegal Gundil, Kec. Bogor Utara, Kota Bogor, Jawa Barat 16152, Indonesia",
        "city": "Kota Bogor",
        "rating": 4.7,
        "phone": "+62 815-8666-2004"
      },
      "geometry": {
        "type": "Point",
        "coordinates": [
          106.8143763,
          -6.5911648
        ]
      }
    },
    {
      "type": "Feature",
      "properties": {
        "name": "Family Gym",
        "address": "Jl. Anyar Utara No.54B, RT.7/RW.10, Wijaya Kusuma, Kec. Grogol petamburan, Kota Jakarta Barat, Daerah Khusus Ibukota Jakarta 11460, Indonesia",
        "city": "Kota Jakarta Barat",
        "rating": 4.8,
        "phone": "+62 896-5233-2157"
      },
      "geometry": {
        "type": "Point",
        "coordinates": [
          106.778367,
          -6.1577936
        ]
      }
    },
    {
      "type": "Feature",
      "properties": {
        "name": "KONGKOW GYM I Fitness PEMULA & PELAJAR",
        "address": "Ruko Sentra kranji, RT.005/RW.002, Bintara, Kec. Bekasi Bar., Kota Bks, Jawa Barat 17145, Indonesia",
        "city": "Kota Bks",
        "rating": 4.9,
        "phone": "+62 856-8951-130"
      },
      "geometry": {
        "type": "Point",
        "coordinates": [
          106.9730127,
          -6.2337968
        ]
      }
    },
    {
      "type": "Feature",
      "properties": {
        "name": "Fit3",
        "address": "Jl. H. Hasan No.36, RT.2/RW.9, Baru, Kec. Ps. Rebo, Kota Jakarta Timur, Daerah Khusus Ibukota Jakarta 13780, Indonesia",
        "city": "Kota Jakarta Timur",
        "rating": 4.7,
        "phone": "+62 877-8084-9281"
      },
      "geometry": {
        "type": "Point",
        "coordinates": [
          106.850383,
          -6.3278976
        ]
      }
    },
    {
      "type": "Feature",
      "properties": {
        "name": "Alfareeda Gym, Swim, Wellness",
        "address": "Jl. Inspeksi Kalimalang Raya No.99, RT.2/RW.12, Pd. Bambu, Kec. Duren Sawit, Jakarta, Daerah Khusus Ibukota Jakarta 13450, Indonesia",
        "city": "Jakarta",
        "rating": 4.8,
        "phone": "+62 852-1998-3559"
      },
      "geometry": {
        "type": "Point",
        "coordinates": [
          106.8993898,
          -6.2436193
        ]
      }
    },
    {
      "type": "Feature",
      "properties": {
        "name": "Qys Gym",
        "address": "1, Jl. Daan Mogot Estate No.2, RT.1/RW.15, Kapuk, Kecamatan Cengkareng, Kota Jakarta Barat, Daerah Khusus Ibukota Jakarta 11720, Indonesia",
        "city": "Kota Jakarta Barat",
        "rating": 4.5,
        "phone": "+62 812-9322-8500"
      },
      "geometry": {
        "type": "Point",
        "coordinates": [
          106.7397665,
          -6.1517594
        ]
      }
    },
    {
      "type": "Feature",
      "properties": {
        "name": "Andalas Gym",
        "address": "Jl. Sungai Bambu I No.8 9 No.2, RT.1/RW.4, Sungai Bambu, Kec. Tj. Priok, Jkt Utara, Daerah Khusus Ibukota Jakarta 14330, Indonesia",
        "city": "Jkt Utara",
        "rating": 4.3,
        "phone": "+62 882-9514-4331"
      },
      "geometry": {
        "type": "Point",
        "coordinates": [
          106.8845158,
          -6.1274236
        ]
      }
    },
    {
      "type": "Feature",
      "properties": {
        "name": "FITNESS CENTER MARINE GYM",
        "address": "Jl. H.Rekhan Blok R NO.1, Pd. Benda, Kec. Pamulang, Kota Tangerang Selatan, Banten 15434, Indonesia",
        "city": "Kota Tangerang Selatan",
        "rating": 4.7,
        "phone": "+62 821-2977-8081"
      },
      "geometry": {
        "type": "Point",
        "coordinates": [
          106.7127245,
          -6.3467832
        ]
      }
    },
    {
      "type": "Feature",
      "properties": {
        "name": "Win Gym fitnes Center",
        "address": "Jl. Kapten Yusuf No.7, Kota Batu, Kec. Bogor Sel., Kota Bogor, Jawa Barat 16132, Indonesia",
        "city": "Kota Bogor",
        "rating": 4.7,
        "phone": "+62 858-8367-1007"
      },
      "geometry": {
        "type": "Point",
        "coordinates": [
          106.783383,
          -6.617535
        ]
      }
    },
    {
      "type": "Feature",
      "properties": {
        "name": "Pasadena Fitnes Gym",
        "address": "X9RC+FV8, Jl. Candi Mutiara Sel., Kalipancur, Kec. Ngaliyan, Kota Semarang, Jawa Tengah 50183, Indonesia",
        "city": "Kota Semarang",
        "rating": 4.2,
        "phone": "+62 898-7677-780"
      },
      "geometry": {
        "type": "Point",
        "coordinates": [
          110.3722061,
          -7.0088452
        ]
      }
    },
    {
      "type": "Feature",
      "properties": {
        "name": "IDOLA GYM",
        "address": "FPCH+99J, Tempur Sari, Sekuro, Kec. Mlonggo, Kabupaten Jepara, Jawa Tengah 59452, Indonesia",
        "city": "Kabupaten Jepara",
        "rating": 4.3,
        "phone": "+62 821-1670-1099"
      },
      "geometry": {
        "type": "Point",
        "coordinates": [
          110.7284053,
          -6.5290467
        ]
      }
    },
    {
      "type": "Feature",
      "properties": {
        "name": "FitNation Gym CitraGrand Semarang",
        "address": "Mainroad Jl. Citra Grand, Sambiroto, Kec. Tembalang, Kota Semarang, Jawa Tengah 50276, Indonesia",
        "city": "Kota Semarang",
        "rating": 4.7,
        "phone": "+62 877-0007-0582"
      },
      "geometry": {
        "type": "Point",
        "coordinates": [
          110.4490046,
          -7.0392096
        ]
      }
    },
    {
      "type": "Feature",
      "properties": {
        "name": "ANXIETY GYM",
        "address": "Jalan Bukit, Jl. Bougenville Dalam Raya No.E 67 A, Sendangmulyo, Kec. Tembalang, Kota Semarang, Jawa Tengah 50272, Indonesia",
        "city": "Kota Semarang",
        "rating": 4.9,
        "phone": "Tidak ada nomor"
      },
      "geometry": {
        "type": "Point",
        "coordinates": [
          110.4756599,
          -7.0415642
        ]
      }
    },
    {
      "type": "Feature",
      "properties": {
        "name": "FRIEND'S GYM",
        "address": "Gedogsari, Krengseng, Kec. Gringsing, Kabupaten Batang, Jawa Tengah 51281, Indonesia",
        "city": "Kabupaten Batang",
        "rating": 4.8,
        "phone": "+62 838-6173-3335"
      },
      "geometry": {
        "type": "Point",
        "coordinates": [
          110.0252885,
          -6.9498192
        ]
      }
    },
    {
      "type": "Feature",
      "properties": {
        "name": "Boutique gym/x- force gym",
        "address": "2FQ3+9MC, Wuni, Balong, Kec. Jepon, Kabupaten Blora, Jawa Tengah 58261, Indonesia",
        "city": "Kabupaten Blora",
        "rating": "Belum ada rating",
        "phone": "+62 821-3326-4257"
      },
      "geometry": {
        "type": "Point",
        "coordinates": [
          111.4537873,
          -6.9619098
        ]
      }
    },
    {
      "type": "Feature",
      "properties": {
        "name": "Caesar Gym & Fitness",
        "address": "Kedungleper III, Kedungleper, Kec. Bangsri, Kabupaten Jepara, Jawa Tengah 59453, Indonesia",
        "city": "Kabupaten Jepara",
        "rating": 4.4,
        "phone": "+62 857-2857-7587"
      },
      "geometry": {
        "type": "Point",
        "coordinates": [
          110.7676857,
          -6.5168079
        ]
      }
    },
    {
      "type": "Feature",
      "properties": {
        "name": "ALUGORO GYM",
        "address": "Lorong Sadewa No.67, Alugoro, Bangkle, Kec. Blora, Kabupaten Blora, Jawa Tengah 58218, Indonesia",
        "city": "Kabupaten Blora",
        "rating": 4.2,
        "phone": "Tidak ada nomor"
      },
      "geometry": {
        "type": "Point",
        "coordinates": [
          111.4422776,
          -6.9689835
        ]
      }
    },
    {
      "type": "Feature",
      "properties": {
        "name": "Gama gym",
        "address": "9PFP+XV4, Jl. Blimbing, Bawu II, Bawu, Kec. Batealit, Kabupaten Jepara, Jawa Tengah 59461, Indonesia",
        "city": "Kabupaten Jepara",
        "rating": 4.9,
        "phone": "+62 822-2754-9452"
      },
      "geometry": {
        "type": "Point",
        "coordinates": [
          110.7363656,
          -6.6247675
        ]
      }
    },
    {
      "type": "Feature",
      "properties": {
        "name": "FITBASE GYM IDN",
        "address": "Jl. Mangunharjo Raya I, Rt01, RW.02, Mangunharjo, Kec. Tembalang, Kota Semarang, Jawa Tengah 50272, Indonesia",
        "city": "Kota Semarang",
        "rating": 4.9,
        "phone": "+62 813-2882-1961"
      },
      "geometry": {
        "type": "Point",
        "coordinates": [
          110.4607672,
          -7.0441946
        ]
      }
    },
    {
      "type": "Feature",
      "properties": {
        "name": "De 2 Gym Rembang",
        "address": "Ngotet Kidul, Ngotet, Kec. Rembang, Kabupaten Rembang, Jawa Tengah 59219, Indonesia",
        "city": "Kabupaten Rembang",
        "rating": 4.7,
        "phone": "+62 877-3142-7022"
      },
      "geometry": {
        "type": "Point",
        "coordinates": [
          111.3636982,
          -6.7317985
        ]
      }
    },
    {
      "type": "Feature",
      "properties": {
        "name": "HUDHUD Gym",
        "address": "Jl. Pelita III Gg. 4, Jenggot, Kec. Pekalongan Sel., Kota Pekalongan, Jawa Tengah 51133, Indonesia",
        "city": "Kota Pekalongan",
        "rating": 4.4,
        "phone": "+62 823-1457-0170"
      },
      "geometry": {
        "type": "Point",
        "coordinates": [
          109.667082,
          -6.9179716
        ]
      }
    },
    {
      "type": "Feature",
      "properties": {
        "name": "Joker gym",
        "address": "Jl. Tandang Raya, Jomblang, Kec. Candisari, Kota Semarang, Jawa Tengah 50256, Indonesia",
        "city": "Kota Semarang",
        "rating": 4.7,
        "phone": "+62 852-9073-9757"
      },
      "geometry": {
        "type": "Point",
        "coordinates": [
          110.4411149,
          -7.0134165
        ]
      }
    },
    {
      "type": "Feature",
      "properties": {
        "name": "Hans Gym",
        "address": "Rumah pojok pas tikungan, Peumnas Palir, Jl. Palir Utama Raya dekat dg Taman Pustaka No.19, RT.04/RW.09, Podorejo, Kec. Ngaliyan, Kota Semarang, Jawa Tengah 50187, Indonesia",
        "city": "Kota Semarang",
        "rating": 4,
        "phone": "+62 858-6693-8438"
      },
      "geometry": {
        "type": "Point",
        "coordinates": [
          110.3027719,
          -7.0058238
        ]
      }
    },
    {
      "type": "Feature",
      "properties": {
        "name": "DC Gym",
        "address": "Jl. Garuda III, Dracik Tempe, Proyonanggan Sel., Kec. Batang, Kabupaten Batang, Jawa Tengah 51216, Indonesia",
        "city": "Kabupaten Batang",
        "rating": 4.8,
        "phone": "+62 815-4805-8444"
      },
      "geometry": {
        "type": "Point",
        "coordinates": [
          109.7334361,
          -6.921026
        ]
      }
    },
    {
      "type": "Feature",
      "properties": {
        "name": "Axa Gym Demak",
        "address": "3JXM+F77, Bogorame, Bintoro, Kec. Demak, Kabupaten Demak, Jawa Tengah 59511, Indonesia",
        "city": "Kabupaten Demak",
        "rating": 4.7,
        "phone": "+62 822-2755-2555"
      },
      "geometry": {
        "type": "Point",
        "coordinates": [
          110.6331781,
          -6.9013416
        ]
      }
    },
    {
      "type": "Feature",
      "properties": {
        "name": "Bonds gym",
        "address": "5VW8+R44, Badungan, Tumpangkrasak, Kec. Jati, Kabupaten Kudus, Jawa Tengah 59349, Indonesia",
        "city": "Kabupaten Kudus",
        "rating": "Belum ada rating",
        "phone": "+62 898-9888-452"
      },
      "geometry": {
        "type": "Point",
        "coordinates": [
          110.8653346,
          -6.8029758
        ]
      }
    },
    {
      "type": "Feature",
      "properties": {
        "name": "SATRIO GYM",
        "address": "XG9V+V9M, Jl. Karanggawang, Panjen, Kuripan, Kec. Mranggen, Kabupaten Demak, Jawa Tengah 59567, Indonesia",
        "city": "Kabupaten Demak",
        "rating": 4.8,
        "phone": "+62 895-2499-3775"
      },
      "geometry": {
        "type": "Point",
        "coordinates": [
          110.5434332,
          -7.0302829
        ]
      }
    },
    {
      "type": "Feature",
      "properties": {
        "name": "RATU GYM",
        "address": "8349+XPG, Jontro, Kec. Wedarijaksa, Kabupaten Pati, Jawa Tengah 59152, Indonesia",
        "city": "Kabupaten Pati",
        "rating": 5,
        "phone": "+62 822-8888-2067"
      },
      "geometry": {
        "type": "Point",
        "coordinates": [
          111.0693235,
          -6.6925583
        ]
      }
    },
    {
      "type": "Feature",
      "properties": {
        "name": "Hiraqla Gym",
        "address": "4J4R+93P, Jl. Setinggil Jl. Siwalan, Stinggil, Bintoro, Kec. Demak, Kabupaten Demak, Jawa Tengah 59511, Indonesia",
        "city": "Kabupaten Demak",
        "rating": 4.2,
        "phone": "Tidak ada nomor"
      },
      "geometry": {
        "type": "Point",
        "coordinates": [
          110.6402041,
          -6.8940476
        ]
      }
    },
    {
      "type": "Feature",
      "properties": {
        "name": "Faraby Gym Fitnes Center",
        "address": "4F3G+G6M, JL. Raya, Buk Batang, Tamberu Bar., Kec. Sokobanah, Kabupaten Sampang, Jawa Timur 69262, Indonesia",
        "city": "Kabupaten Sampang",
        "rating": 5,
        "phone": "+62 818-387-138"
      },
      "geometry": {
        "type": "Point",
        "coordinates": [
          113.4755337,
          -6.896156
        ]
      }
    },
    {
      "type": "Feature",
      "properties": {
        "name": "Blessed Gym",
        "address": "32MQ+FW, Kalang Langgar, Dapenda, Kec. Batang Batang, Kabupaten Sumenep, Jawa Timur 69473, Indonesia",
        "city": "Kabupaten Sumenep",
        "rating": 4.8,
        "phone": "+62 852-0422-2444"
      },
      "geometry": {
        "type": "Point",
        "coordinates": [
          114.0397766,
          -6.91634
        ]
      }
    },
    {
      "type": "Feature",
      "properties": {
        "name": "The Rock Gym Bendar",
        "address": "75Q5+R42, Area Tambak, Bendar, Kec. Juwana, Kabupaten Pati, Jawa Tengah 59185, Indonesia",
        "city": "Kabupaten Pati",
        "rating": 5,
        "phone": "Tidak ada nomor"
      },
      "geometry": {
        "type": "Point",
        "coordinates": [
          111.1582923,
          -6.7108669
        ]
      }
    },
    {
      "type": "Feature",
      "properties": {
        "name": "Jatayu gym",
        "address": "Boto, Bakalan, Kec. Dukuhseti, Kabupaten Pati, Jawa Tengah 59158, Indonesia",
        "city": "Kabupaten Pati",
        "rating": 4.8,
        "phone": "+62 852-8832-9808"
      },
      "geometry": {
        "type": "Point",
        "coordinates": [
          111.0408341,
          -6.5009796
        ]
      }
    },
    {
      "type": "Feature",
      "properties": {
        "name": "Ben Fit Gym Kota Semarang",
        "address": "XCMW+X8M, Jl. Ngemplak, Tandang, Kec. Tembalang, Kota Semarang, Jawa Tengah 50274, Indonesia",
        "city": "Kota Semarang",
        "rating": 5,
        "phone": "Tidak ada nomor"
      },
      "geometry": {
        "type": "Point",
        "coordinates": [
          110.4458047,
          -7.0150349
        ]
      }
    },
    {
      "type": "Feature",
      "properties": {
        "name": "Mandiri Gym Fitnes Center",
        "address": "Rejosari rt/rw 03/06, Rejosari, Kec. Dawe, Kabupaten Kudus, Jawa Tengah 59353, Indonesia",
        "city": "Kabupaten Kudus",
        "rating": 5,
        "phone": "+62 882-1515-6428"
      },
      "geometry": {
        "type": "Point",
        "coordinates": [
          110.9103165,
          -6.7565071
        ]
      }
    },
    {
      "type": "Feature",
      "properties": {
        "name": "D'Best Gym fitnes center",
        "address": "2XHG+8Q2, Timbangsari, Timbang, Kec. Banyuputih, Kabupaten Batang, Jawa Tengah 51281, Indonesia",
        "city": "Kabupaten Batang",
        "rating": 4.6,
        "phone": "+62 823-2232-7774"
      },
      "geometry": {
        "type": "Point",
        "coordinates": [
          109.9768892,
          -6.9717391
        ]
      }
    },
    {
      "type": "Feature",
      "properties": {
        "name": "Infinity Private Gym",
        "address": "Ruko Victoria Valley M2, Jl. Citraland BSB City No.9, Pesantren, Kec. Mijen, Kota Semarang, Jawa Tengah 50212, Indonesia",
        "city": "Kota Semarang",
        "rating": 5,
        "phone": "+62 815-1159-0904"
      },
      "geometry": {
        "type": "Point",
        "coordinates": [
          110.3240844,
          -7.0233264
        ]
      }
    },
    {
      "type": "Feature",
      "properties": {
        "name": "2008 GYM FITNESS",
        "address": "jl.Tulus Harapan B.XI.A4, Sendangmulyo, Kec. Tembalang, Kota Semarang, Jawa Tengah 50272, Indonesia",
        "city": "Kota Semarang",
        "rating": 4.7,
        "phone": "+62 812-1836-0188"
      },
      "geometry": {
        "type": "Point",
        "coordinates": [
          110.468976,
          -7.0356503
        ]
      }
    },
    {
      "type": "Feature",
      "properties": {
        "name": "Gym fitness center KRAPYAK",
        "address": "Jl. Warigalit Raya No.231, RT.05/RW.05, Krapyak, Kec. Semarang Barat, Kota Semarang, Jawa Tengah 50146, Indonesia",
        "city": "Kota Semarang",
        "rating": 4.9,
        "phone": "Tidak ada nomor"
      },
      "geometry": {
        "type": "Point",
        "coordinates": [
          110.3676626,
          -6.9836176
        ]
      }
    },
    {
      "type": "Feature",
      "properties": {
        "name": "Healthy Gym Dan Sanggar Senam Jessica",
        "address": "Jl. Raya Semarang - Demak No.7, Purworejo, Purwosari, Kec. Sayung, Kabupaten Demak, Jawa Tengah 59563, Indonesia",
        "city": "Kabupaten Demak",
        "rating": 4.2,
        "phone": "+62 822-2020-6329"
      },
      "geometry": {
        "type": "Point",
        "coordinates": [
          110.505338,
          -6.942923
        ]
      }
    },
    {
      "type": "Feature",
      "properties": {
        "name": "Scorpion Gym",
        "address": "346F+WQG, Tlahab Lor, Tlahab, Kec. Gemuh, Kabupaten Kendal, Jawa Tengah 51356, Indonesia",
        "city": "Kabupaten Kendal",
        "rating": 4.8,
        "phone": "Tidak ada nomor"
      },
      "geometry": {
        "type": "Point",
        "coordinates": [
          110.124467,
          -6.9376779
        ]
      }
    },
    {
      "type": "Feature",
      "properties": {
        "name": "Strato Gym Semarang",
        "address": "Kemijen, Kec. Semarang Tim., Kota Semarang, Jawa Tengah 50122, Indonesia",
        "city": "Kota Semarang",
        "rating": 4.7,
        "phone": "Tidak ada nomor"
      },
      "geometry": {
        "type": "Point",
        "coordinates": [
          110.4408355,
          -6.9607799
        ]
      }
    },
    {
      "type": "Feature",
      "properties": {
        "name": "Alfa Gym",
        "address": "Jl. Depoksari Dalam III No.19, RT.19/RW.27, Tlogosari Kulon, Kec. Pedurungan, Kota Semarang, Jawa Tengah 50196, Indonesia",
        "city": "Kota Semarang",
        "rating": 4.7,
        "phone": "+62 857-2579-0009"
      },
      "geometry": {
        "type": "Point",
        "coordinates": [
          110.4648693,
          -6.995091
        ]
      }
    },
    {
      "type": "Feature",
      "properties": {
        "name": "FIA GYM JAGONG",
        "address": "X723+FP6 Jembatan, K. Jagong II, Area Sawah, Jagong, Kec. Kunduran, Kabupaten Blora, Jawa Tengah 58255, Indonesia",
        "city": "Kabupaten Blora",
        "rating": 5,
        "phone": "Tidak ada nomor"
      },
      "geometry": {
        "type": "Point",
        "coordinates": [
          111.25498,
          -7.0485306
        ]
      }
    },
    {
      "type": "Feature",
      "properties": {
        "name": "ARLETTA GYM",
        "address": "Gang kelapa gading, RT.02/RW.01, Wates, Kec. Ngaliyan, Kota Semarang, Jawa Tengah 50188, Indonesia",
        "city": "Kota Semarang",
        "rating": 4.8,
        "phone": "+62 851-6860-2728"
      },
      "geometry": {
        "type": "Point",
        "coordinates": [
          110.3353773,
          -7.019631
        ]
      }
    },
    {
      "type": "Feature",
      "properties": {
        "name": "Spartan Gym Semarang",
        "address": "Jl. Cucut No.27, Kuningan, Kec. Semarang Utara, Kota Semarang, Jawa Tengah 50176, Indonesia",
        "city": "Kota Semarang",
        "rating": 4.1,
        "phone": "+62 857-2906-7903"
      },
      "geometry": {
        "type": "Point",
        "coordinates": [
          110.4145305,
          -6.9614415
        ]
      }
    },
    {
      "type": "Feature",
      "properties": {
        "name": "SPORT GYM",
        "address": "Jl. Kr Nongko Raya Tim. No.22, Wonosari, Kec. Ngaliyan, Kota Semarang, Jawa Tengah 50244, Indonesia",
        "city": "Kota Semarang",
        "rating": 4.6,
        "phone": "+62 812-2654-4155"
      },
      "geometry": {
        "type": "Point",
        "coordinates": [
          110.3280776,
          -6.9787261
        ]
      }
    },
    {
      "type": "Feature",
      "properties": {
        "name": "Yehez Gym",
        "address": "Jl. Nogososro No.3, Muktiharjo Kidul, Kec. Pedurungan, Kota Semarang, Jawa Tengah 50196, Indonesia",
        "city": "Kota Semarang",
        "rating": 4.9,
        "phone": "+62 813-9083-0099"
      },
      "geometry": {
        "type": "Point",
        "coordinates": [
          110.4617005,
          -6.9796549
        ]
      }
    },
    {
      "type": "Feature",
      "properties": {
        "name": "Budi Gym Fitness Centre",
        "address": "XHFV+PFX, Jl. Brambang Raya, Krajan Utara, Brambang, Kec. Karangawen, Kabupaten Demak, Jawa Tengah 59566, Indonesia",
        "city": "Kabupaten Demak",
        "rating": 4.7,
        "phone": "Tidak ada nomor"
      },
      "geometry": {
        "type": "Point",
        "coordinates": [
          110.5937337,
          -7.025637
        ]
      }
    },
    {
      "type": "Feature",
      "properties": {
        "name": "39 Gym",
        "address": "6P9C+7G8, Jalan Raya, Mba Dowo, Welahan, Kec. Welahan, Kabupaten Jepara, Jawa Tengah 59464, Indonesia",
        "city": "Kabupaten Jepara",
        "rating": 4.6,
        "phone": "+62 895-6407-78200"
      },
      "geometry": {
        "type": "Point",
        "coordinates": [
          110.7210688,
          -6.7817469
        ]
      }
    },
    {
      "type": "Feature",
      "properties": {
        "name": "KASAFLY GYM CANTIK khusus Cewek",
        "address": "723P+V8X, Jl. Agil Kusumadya III, Ngarus, Kec. Pati, Kabupaten Pati, Jawa Tengah 59111, Indonesia",
        "city": "Kabupaten Pati",
        "rating": 4.9,
        "phone": "+62 852-9005-5432"
      },
      "geometry": {
        "type": "Point",
        "coordinates": [
          111.0358663,
          -6.745259
        ]
      }
    },
    {
      "type": "Feature",
      "properties": {
        "name": "Hadi's GYM",
        "address": "Blok, Jl. Taman Surya Bulevar 1 Blok J1 No.33A, RT.9/RW.15, Pegadungan, Kalideres, West Jakarta City, Jakarta 11830, Indonesia",
        "city": "Kota Jakarta Barat",
        "rating": 4.7,
        "phone": "+62 878-8036-3599"
      },
      "geometry": {
        "type": "Point",
        "coordinates": [
          106.7173461,
          -6.1326753
        ]
      }
    },
    {
      "type": "Feature",
      "properties": {
        "name": "Gege Gym",
        "address": "12, Jl. Warakas 8 Gg. 10 No.134A, RT.12/RW.10, Warakas, Kec. Tj. Priok, Jkt Utara, Daerah Khusus Ibukota Jakarta 14370, Indonesia",
        "city": "Jkt Utara",
        "rating": 4.6,
        "phone": "+62 813-1792-0173"
      },
      "geometry": {
        "type": "Point",
        "coordinates": [
          106.8786586,
          -6.126343
        ]
      }
    },
    {
      "type": "Feature",
      "properties": {
        "name": "Gin Gym Fitness",
        "address": "Ruko Grand Mutiara Residence, Jl. Japos No 8e, Jurang Mangu Barat, Kec. Pd. Aren, Kota Tangerang Selatan, Banten 15423, Indonesia",
        "city": "Kota Tangerang Selatan",
        "rating": 4.6,
        "phone": "+62 816-1172-174"
      },
      "geometry": {
        "type": "Point",
        "coordinates": [
          106.7196547,
          -6.254483
        ]
      }
    },
    {
      "type": "Feature",
      "properties": {
        "name": "ZQ GYM FITNESS CENTER Bangka IX No.46",
        "address": "Jl. Bangka IX B No.46, RT.7/RW.10, Pela Mampang, Kec. Mampang Prpt., Kota Jakarta Selatan, Daerah Khusus Ibukota Jakarta 12720, Indonesia",
        "city": "Kota Jakarta Selatan",
        "rating": 4.6,
        "phone": "+62 838-9555-5238"
      },
      "geometry": {
        "type": "Point",
        "coordinates": [
          106.8197351,
          -6.2523361
        ]
      }
    },
    {
      "type": "Feature",
      "properties": {
        "name": "My Gym",
        "address": "Jl. Dermaga Raya No.8 4, RT.4/RW.8, Klender, Kec. Duren Sawit, Kota Jakarta Timur, Daerah Khusus Ibukota Jakarta 13440, Indonesia",
        "city": "Kota Jakarta Timur",
        "rating": 4.4,
        "phone": "+62 857-1500-3085"
      },
      "geometry": {
        "type": "Point",
        "coordinates": [
          106.9003465,
          -6.2191753
        ]
      }
    },
    {
      "type": "Feature",
      "properties": {
        "name": "Six Pack Gym",
        "address": "Jl. Ceger Raya No.49A, Jurang Manggu Tim., Kec. Pd. Aren, Kota Tangerang Selatan, Banten 15225, Indonesia",
        "city": "Kota Tangerang Selatan",
        "rating": 4.6,
        "phone": "+62 21 7352040"
      },
      "geometry": {
        "type": "Point",
        "coordinates": [
          106.7347303,
          -6.2629858
        ]
      }
    },
    {
      "type": "Feature",
      "properties": {
        "name": "FTL Gym Cirendeu",
        "address": "Jl. Raya Cirendeu No.43, Cireundeu, Kec. Ciputat Tim., Kota Tangerang Selatan, Banten 15419, Indonesia",
        "city": "Kota Tangerang Selatan",
        "rating": 4.7,
        "phone": "+62 818-687-858"
      },
      "geometry": {
        "type": "Point",
        "coordinates": [
          106.7727498,
          -6.30601
        ]
      }
    },
    {
      "type": "Feature",
      "properties": {
        "name": "THE SHELTER GYM",
        "address": "Jl. Raya Kodau, RT.003/RW.002, Jatimekar, Kec. Jatiasih, Kota Bks, Jawa Barat 17422, Indonesia",
        "city": "Kota Bks",
        "rating": 4.8,
        "phone": "+62 811-8843-030"
      },
      "geometry": {
        "type": "Point",
        "coordinates": [
          106.9393026,
          -6.2972893
        ]
      }
    },
    {
      "type": "Feature",
      "properties": {
        "name": "Rio Gym",
        "address": "Wisma Deret, Jl. Suci No.14, RT.3/RW.6, Susukan, Kec. Ciracas, Kota Jakarta Timur, Daerah Khusus Ibukota Jakarta 13750, Indonesia",
        "city": "Kota Jakarta Timur",
        "rating": 4.5,
        "phone": "+62 851-5612-7471"
      },
      "geometry": {
        "type": "Point",
        "coordinates": [
          106.8742701,
          -6.3096161
        ]
      }
    },
    {
      "type": "Feature",
      "properties": {
        "name": "Eighty8 Gym",
        "address": "Jl. Bangka Raya No.53A, RT.11/RW.3, Pela Mampang, Kec. Mampang Prpt., Kota Jakarta Selatan, Daerah Khusus Ibukota Jakarta 12720, Indonesia",
        "city": "Kota Jakarta Selatan",
        "rating": 4.4,
        "phone": "+62 817-7088-8818"
      },
      "geometry": {
        "type": "Point",
        "coordinates": [
          106.8151285,
          -6.2484656
        ]
      }
    },
    {
      "type": "Feature",
      "properties": {
        "name": "Osbond Gym Mega Bekasi Hypermall",
        "address": "Mega Bekasi Hypermall, Jl. Ahmad Yani No.1 Lt. 3, RT.004/RW.001, Marga Jaya, Kec. Bekasi Sel., Kota Bks, Jawa Barat 17141, Indonesia",
        "city": "Kota Bks",
        "rating": 4.5,
        "phone": "+62 811-1901-058"
      },
      "geometry": {
        "type": "Point",
        "coordinates": [
          106.9926469,
          -6.2495054
        ]
      }
    },
    {
      "type": "Feature",
      "properties": {
        "name": "Gym Forty Five #Evogym001",
        "address": "Jl. Ciburial Indah No.1, RT.03/RW.04, Baranangsiang, Kec. Bogor Tim., Kota Bogor, Jawa Barat 16157, Indonesia",
        "city": "Kota Bogor",
        "rating": 4.7,
        "phone": "+62 817-9224-545"
      },
      "geometry": {
        "type": "Point",
        "coordinates": [
          106.8117683,
          -6.6117055
        ]
      }
    },
    {
      "type": "Feature",
      "properties": {
        "name": "Master Gym",
        "address": "Jl. Tanah Baru No.38, Tanah Baru, Kecamatan Beji, Kota Depok, Jawa Barat 16426, Indonesia",
        "city": "Kota Depok",
        "rating": 4.4,
        "phone": "+62 21 32784169"
      },
      "geometry": {
        "type": "Point",
        "coordinates": [
          106.8084432,
          -6.3692623
        ]
      }
    },
    {
      "type": "Feature",
      "properties": {
        "name": "STILLFIT - GYM",
        "address": "Jl. Pd. Kelapa Raya Kel No.14, RT.7/RW.9, Pd. Klp., Kec. Duren Sawit, Kota Jakarta Timur, Daerah Khusus Ibukota Jakarta 13450, Indonesia",
        "city": "Kota Jakarta Timur",
        "rating": 4.9,
        "phone": "+62 859-4542-9156"
      },
      "geometry": {
        "type": "Point",
        "coordinates": [
          106.9342055,
          -6.2370615
        ]
      }
    },
    {
      "type": "Feature",
      "properties": {
        "name": "Osbond Gym Tangcity Mall",
        "address": "Lt. 3, Tangcity Mall, Jl. Jenderal Sudirman No.1, RT.001/RW.005, Babakan, Kec. Tangerang, Kota Tangerang, Banten 15118, Indonesia",
        "city": "Kota Tangerang",
        "rating": 4.3,
        "phone": "+62 821-2293-4718"
      },
      "geometry": {
        "type": "Point",
        "coordinates": [
          106.6339441,
          -6.194016
        ]
      }
    },
    {
      "type": "Feature",
      "properties": {
        "name": "Celfit gym istheis",
        "address": "Jl. Puri Agung No.1 Block F2205, RT.1/RW.2, South Kembangan, Kembangan, West Jakarta City, Jakarta 11610, Indonesia",
        "city": "Kota Jakarta Barat",
        "rating": 4.5,
        "phone": "+62 21 30514233"
      },
      "geometry": {
        "type": "Point",
        "coordinates": [
          106.7339595,
          -6.1892487
        ]
      }
    },
    {
      "type": "Feature",
      "properties": {
        "name": "RD Gym (Ricky Daud Gym)",
        "address": "Jl. Pangeran Tubagus Angke No.52, RT.8/RW.8, Angke, Kec. Tambora, Kota Jakarta Barat, Daerah Khusus Ibukota Jakarta 11330, Indonesia",
        "city": "Kota Jakarta Barat",
        "rating": 4.8,
        "phone": "+62 896-0184-8009"
      },
      "geometry": {
        "type": "Point",
        "coordinates": [
          106.7743128,
          -6.147525
        ]
      }
    },
    {
      "type": "Feature",
      "properties": {
        "name": "Body Gym Health Club",
        "address": "Jl. Angkasa No.1 7, RT.7/RW.5, Gn. Sahari Utara, Kecamatan Sawah Besar, Kota Jakarta Pusat, Daerah Khusus Ibukota Jakarta 10720, Indonesia",
        "city": "Kota Jakarta Pusat",
        "rating": 4.5,
        "phone": "+62 21 6255555"
      },
      "geometry": {
        "type": "Point",
        "coordinates": [
          106.8378466,
          -6.1584744
        ]
      }
    },
    {
      "type": "Feature",
      "properties": {
        "name": "alor jaya gym",
        "address": "Jl. Walang Baru Raya No.1, RT.5/RW.12, Tugu Utara, Kec. Koja, Jkt Utara, Daerah Khusus Ibukota Jakarta 14260, Indonesia",
        "city": "Jkt Utara",
        "rating": 4.1,
        "phone": "Tidak ada nomor"
      },
      "geometry": {
        "type": "Point",
        "coordinates": [
          106.9058404,
          -6.1264715
        ]
      }
    },
    {
      "type": "Feature",
      "properties": {
        "name": "Aljati gym",
        "address": "Demangan No.01/01, Rw. 1, Demangan, Kec. Tahunan, Kabupaten Jepara, Jawa Tengah 59451, Indonesia",
        "city": "Kabupaten Jepara",
        "rating": 4.7,
        "phone": "+62 813-2570-2167"
      },
      "geometry": {
        "type": "Point",
        "coordinates": [
          110.6596488,
          -6.6273568
        ]
      }
    },
    {
      "type": "Feature",
      "properties": {
        "name": "Fitness Center (Gym) KWU UNNES",
        "address": "X92V+7W2, Sekaran, Kec. Gn. Pati, Kota Semarang, Jawa Tengah 50229, Indonesia",
        "city": "Kota Semarang",
        "rating": 4.7,
        "phone": "Tidak ada nomor"
      },
      "geometry": {
        "type": "Point",
        "coordinates": [
          110.3947602,
          -7.0493634
        ]
      }
    },
    {
      "type": "Feature",
      "properties": {
        "name": "Double Delta Gym & sanggar senam",
        "address": "Jl. Nurcahya No.2, RT.005/RW.06, Petengan Selatan, Bintoro, Kec. Demak, Kabupaten Demak, Jawa Tengah 59511, Indonesia",
        "city": "Kabupaten Demak",
        "rating": 5,
        "phone": "+62 821-3600-8372"
      },
      "geometry": {
        "type": "Point",
        "coordinates": [
          110.6393108,
          -6.8898054
        ]
      }
    },
    {
      "type": "Feature",
      "properties": {
        "name": "Diamond Gym",
        "address": "Jl. Malangsari, Muktiharjo Kidul, Kec. Pedurungan, Kota Semarang, Jawa Tengah 50196, Indonesia",
        "city": "Kota Semarang",
        "rating": 5,
        "phone": "+62 819-1956-0636"
      },
      "geometry": {
        "type": "Point",
        "coordinates": [
          110.4538854,
          -6.9808108
        ]
      }
    },
    {
      "type": "Feature",
      "properties": {
        "name": "Markaz Gym and Cafe",
        "address": "Jl. Kedungmundu No.36 E, Kedungmundu, Kec. Tembalang, Kota Semarang, Jawa Tengah 50273, Indonesia",
        "city": "Kota Semarang",
        "rating": 4.5,
        "phone": "+62 812-7655-5514"
      },
      "geometry": {
        "type": "Point",
        "coordinates": [
          110.4613213,
          -7.0242292
        ]
      }
    },
    {
      "type": "Feature",
      "properties": {
        "name": "GYM LASGUARD SEMARANG",
        "address": "2C3F+QCH, Jl. Kertanegara VI No.40, Pleburan, Kec. Semarang Sel., Kota Semarang, Jawa Tengah 50241, Indonesia",
        "city": "Kota Semarang",
        "rating": 5,
        "phone": "+62 813-2511-6522"
      },
      "geometry": {
        "type": "Point",
        "coordinates": [
          110.4236159,
          -6.9955655
        ]
      }
    },
    {
      "type": "Feature",
      "properties": {
        "name": "Giga GYM Fitness and suplement",
        "address": "Jl. Pemuda No.KM 1, Kedungdoro, Leteh, Kec. Rembang, Kabupaten Rembang, Jawa Tengah 59217, Indonesia",
        "city": "Kabupaten Rembang",
        "rating": 3.4,
        "phone": "+62 852-3850-6510"
      },
      "geometry": {
        "type": "Point",
        "coordinates": [
          111.3459971,
          -6.7191926
        ]
      }
    },
    {
      "type": "Feature",
      "properties": {
        "name": "Personal Trainer Gym Pelatih Gym Fitnes Jepangpakis",
        "address": "Pakis Indah Gg. 1 No.21, Karangpakis, Jepangpakis, Kec. Jati, Kabupaten Kudus, Jawa Tengah 59349, Indonesia",
        "city": "Kabupaten Kudus",
        "rating": 4.8,
        "phone": "+62 812-9288-8441"
      },
      "geometry": {
        "type": "Point",
        "coordinates": [
          110.8546886,
          -6.8175642
        ]
      }
    },
    {
      "type": "Feature",
      "properties": {
        "name": "Pacific Gym",
        "address": "2C25+8XP, Klopoduwur, Bangeran, Kamolan, Kec. Blora, Kabupaten Blora, Jawa Tengah 58219, Indonesia",
        "city": "Kabupaten Blora",
        "rating": 4.8,
        "phone": "+62 812-2860-1882"
      },
      "geometry": {
        "type": "Point",
        "coordinates": [
          111.4100257,
          -6.9991404
        ]
      }
    },
    {
      "type": "Feature",
      "properties": {
        "name": "Roz Gym",
        "address": "2F3G+89C, Tlogomulyo, Kec. Pedurungan, Kota Semarang, Jawa Tengah 50192, Indonesia",
        "city": "Kota Semarang",
        "rating": 4.8,
        "phone": "Tidak ada nomor"
      },
      "geometry": {
        "type": "Point",
        "coordinates": [
          110.4758804,
          -6.9966954
        ]
      }
    },
    {
      "type": "Feature",
      "properties": {
        "name": "SC BOSS GYM Fitness center",
        "address": "27Q4+R6M, Jl. Sabrang Lor Gg. Senggol, Sebrang Lor, Kutoharjo, Kec. Kaliwungu, Kabupaten Kendal, Jawa Tengah 51372, Indonesia",
        "city": "Kabupaten Kendal",
        "rating": 4.7,
        "phone": "Tidak ada nomor"
      },
      "geometry": {
        "type": "Point",
        "coordinates": [
          110.255556,
          -6.9604195
        ]
      }
    },
    {
      "type": "Feature",
      "properties": {
        "name": "Metro Park View Gym",
        "address": "Jl. K.H. Agus Salim No.2-4, Kauman, Kec. Semarang Tengah, Kota Semarang, Jawa Tengah 50139, Indonesia",
        "city": "Kota Semarang",
        "rating": 3.8,
        "phone": "+62 24 3560792"
      },
      "geometry": {
        "type": "Point",
        "coordinates": [
          110.4234945,
          -6.9710818
        ]
      }
    },
    {
      "type": "Feature",
      "properties": {
        "name": "Pringgondani Gym Dan Butikueiid",
        "address": "Jl. Supriyadi No.12-D, Kalicari, Kec. Pedurungan, Kota Semarang, Jawa Tengah 50198, Indonesia",
        "city": "Kota Semarang",
        "rating": 4.4,
        "phone": "+62 851-0317-1717"
      },
      "geometry": {
        "type": "Point",
        "coordinates": [
          110.4550741,
          -7.0017015
        ]
      }
    },
    {
      "type": "Feature",
      "properties": {
        "name": "JBC GYM",
        "address": "Jl. Jangli Tlawah 6 No.27, Jatingaleh, Kec. Candisari, Kota Semarang, Jawa Tengah 50254, Indonesia",
        "city": "Kota Semarang",
        "rating": 4.8,
        "phone": "Tidak ada nomor"
      },
      "geometry": {
        "type": "Point",
        "coordinates": [
          110.4263956,
          -7.025128
        ]
      }
    },
    {
      "type": "Feature",
      "properties": {
        "name": "Athalia Gym And Aerobic",
        "address": "2C77+XH8, Pekunden, Kec. Semarang Tengah, Kota Semarang, Jawa Tengah 50134, Indonesia",
        "city": "Kota Semarang",
        "rating": 4.7,
        "phone": "+62 818-452-014"
      },
      "geometry": {
        "type": "Point",
        "coordinates": [
          110.413954,
          -6.985091
        ]
      }
    },
    {
      "type": "Feature",
      "properties": {
        "name": "Rasa Dharma Gym/BHT GYM",
        "address": "Gg. Pinggir No.31, Kranggan, Kec. Semarang Tengah, Kota Semarang, Jawa Tengah 50139, Indonesia",
        "city": "Kota Semarang",
        "rating": 3.8,
        "phone": "+62 24 3549203"
      },
      "geometry": {
        "type": "Point",
        "coordinates": [
          110.4281006,
          -6.9757973
        ]
      }
    },
    {
      "type": "Feature",
      "properties": {
        "name": "STAR GYM",
        "address": "Baros, Kec. Pekalongan Tim., Kota Pekalongan, Jawa Tengah 51123, Indonesia",
        "city": "Kota Pekalongan",
        "rating": 4.5,
        "phone": "Tidak ada nomor"
      },
      "geometry": {
        "type": "Point",
        "coordinates": [
          109.7001028,
          -6.9064338
        ]
      }
    },
    {
      "type": "Feature",
      "properties": {
        "name": "Lion Gym",
        "address": "Jl. Supriyadi No.Raya, Kalicari, Kec. Pedurungan, Kota Semarang, Jawa Tengah 50198, Indonesia",
        "city": "Kota Semarang",
        "rating": 3.6,
        "phone": "+62 812-2503-8168"
      },
      "geometry": {
        "type": "Point",
        "coordinates": [
          110.4558388,
          -6.9993981
        ]
      }
    },
    {
      "type": "Feature",
      "properties": {
        "name": "Ladies Fitness & Gym Jepara",
        "address": "FP34+3V, Rw7, Sinanggul, Kec. Mlonggo, Kabupaten Jepara, Jawa Tengah 59452, Indonesia",
        "city": "Kabupaten Jepara",
        "rating": 5,
        "phone": "+62 856-9573-0824"
      },
      "geometry": {
        "type": "Point",
        "coordinates": [
          110.7072709,
          -6.5476899
        ]
      }
    },
    {
      "type": "Feature",
      "properties": {
        "name": "Sampah Aji Gym",
        "address": "74JV+XWX, Jl. KH Ahmad Dahlan, Kauman, Kec. Juwana, Kabupaten Pati, Jawa Tengah 59185, Indonesia",
        "city": "Kabupaten Pati",
        "rating": 3.6,
        "phone": "+62 852-9025-3741"
      },
      "geometry": {
        "type": "Point",
        "coordinates": [
          111.1448545,
          -6.7175028
        ]
      }
    },
    {
      "type": "Feature",
      "properties": {
        "name": "Rumah Pak Heru",
        "address": "4HXV+PJ, Kumalasa, Kec. Sangkapura, Kabupaten Gresik, Jawa Timur 61181, Indonesia",
        "city": "Kabupaten Gresik",
        "rating": "Belum ada rating",
        "phone": "Tidak ada nomor"
      },
      "geometry": {
        "type": "Point",
        "coordinates": [
          112.5940048,
          -5.8506837
        ]
      }
    },
    {
      "type": "Feature",
      "properties": {
        "name": "Dhurung Uptd Tbk",
        "address": "7J9V+3C4, Tambak, Kabupaten Gresik, Jawa Timur 61182, Indonesia",
        "city": "Kabupaten Gresik",
        "rating": 5,
        "phone": "Tidak ada nomor"
      },
      "geometry": {
        "type": "Point",
        "coordinates": [
          112.6435814,
          -5.7323692
        ]
      }
    },
    {
      "type": "Feature",
      "properties": {
        "name": "Lapangan Club Asam Jaya",
        "address": "5PF3+C8M, Daun, Kec. Sangkapura, Kabupaten Gresik, Jawa Timur 61181, Indonesia",
        "city": "Kabupaten Gresik",
        "rating": 4,
        "phone": "Tidak ada nomor"
      },
      "geometry": {
        "type": "Point",
        "coordinates": [
          112.7032945,
          -5.826401
        ]
      }
    },
    {
      "type": "Feature",
      "properties": {
        "name": "MARKAS GM COMMUNITY",
        "address": "7P4F+XJX, Unnamed Road, Kepuh Tlk., Tambak, Kabupaten Gresik, Jawa Timur 61182, Indonesia",
        "city": "Kabupaten Gresik",
        "rating": "Belum ada rating",
        "phone": "+62 838-3256-6006"
      },
      "geometry": {
        "type": "Point",
        "coordinates": [
          112.7241096,
          -5.7425148
        ]
      }
    },
    {
      "type": "Feature",
      "properties": {
        "name": "Lapangan mitra kuala",
        "address": "5M35+3C6, Dsn. Lautsungai, RT./RW/RW.02/04, Sawahmulya, Kec. Sangkapura, Kabupaten Gresik, Jawa Timur 61181, Indonesia",
        "city": "Kabupaten Gresik",
        "rating": "Belum ada rating",
        "phone": "+62 878-5603-6321"
      },
      "geometry": {
        "type": "Point",
        "coordinates": [
          112.6585073,
          -5.8473265
        ]
      }
    },
    {
      "type": "Feature",
      "properties": {
        "name": "Dhurung perkumpulan",
        "address": "7J8V+3FW, jl.smp, Tambak, Kabupaten Gresik, Jawa Timur 61182, Indonesia",
        "city": "Kabupaten Gresik",
        "rating": "Belum ada rating",
        "phone": "Tidak ada nomor"
      },
      "geometry": {
        "type": "Point",
        "coordinates": [
          112.6444933,
          -5.7345402
        ]
      }
    },
    {
      "type": "Feature",
      "properties": {
        "name": "BENGKO NA ESON",
        "address": "4MX6+RCP, Sawahmulya, Kec. Sangkapura, Kabupaten Gresik, Jawa Timur 61181, Indonesia",
        "city": "Kabupaten Gresik",
        "rating": "Belum ada rating",
        "phone": "Tidak ada nomor"
      },
      "geometry": {
        "type": "Point",
        "coordinates": [
          112.661073,
          -5.8504244
        ]
      }
    },
    {
      "type": "Feature",
      "properties": {
        "name": "Stadion Jujuk Sempol",
        "address": "5HMX+682, Dekatagung, Suwari, Kec. Sangkapura, Kabupaten Gresik, Jawa Timur 61181, Indonesia",
        "city": "Kabupaten Gresik",
        "rating": "Belum ada rating",
        "phone": "Tidak ada nomor"
      },
      "geometry": {
        "type": "Point",
        "coordinates": [
          112.5982604,
          -5.8169777
        ]
      }
    },
    {
      "type": "Feature",
      "properties": {
        "name": "Olahraga",
        "address": "4JVF+5HC, Lebak, Kec. Sangkapura, Kabupaten Gresik, Jawa Timur 61181, Indonesia",
        "city": "Kabupaten Gresik",
        "rating": "Belum ada rating",
        "phone": "Tidak ada nomor"
      },
      "geometry": {
        "type": "Point",
        "coordinates": [
          112.6238906,
          -5.8570625
        ]
      }
    },
    {
      "type": "Feature",
      "properties": {
        "name": "LAPANGAN SEPAK BOLA PGS",
        "address": "6M8R+V8X, Kebontelukdalam, Balikterus, Kec. Sangkapura, Kabupaten Gresik, Jawa Timur 61181, Indonesia",
        "city": "Kabupaten Gresik",
        "rating": "Belum ada rating",
        "phone": "Tidak ada nomor"
      },
      "geometry": {
        "type": "Point",
        "coordinates": [
          112.6908466,
          -5.7827657
        ]
      }
    },
    {
      "type": "Feature",
      "properties": {
        "name": "Prima Gym",
        "address": "Jalan Raya Hankam #128 Pondok, Jl. Melati, RT.004/RW.002, Jatiranggon, Kec. Jatisampurna, Kota Bks, Jawa Barat 17431, Indonesia",
        "city": "Kota Bks",
        "rating": 4.4,
        "phone": "+62 21 8458235"
      },
      "geometry": {
        "type": "Point",
        "coordinates": [
          106.9240999,
          -6.3317989
        ]
      }
    },
    {
      "type": "Feature",
      "properties": {
        "name": "X Team Gym Cibinong",
        "address": "Jl. Tegar Beriman, RT.02/RW.09, Tengah, Kec. Cibinong, Kabupaten Bogor, Jawa Barat 16914, Indonesia",
        "city": "Kabupaten Bogor",
        "rating": 4.8,
        "phone": "+62 851-7310-3560"
      },
      "geometry": {
        "type": "Point",
        "coordinates": [
          106.8290162,
          -6.4822196
        ]
      }
    },
    {
      "type": "Feature",
      "properties": {
        "name": "FTL Gym Green Garden",
        "address": "Jl. Panjang Arteri Klp. Dua Raya, RT.1/RW.3, Kedoya Utara, Kec. Kb. Jeruk, Kota Jakarta Barat, Daerah Khusus Ibukota Jakarta 11520, Indonesia",
        "city": "Kota Jakarta Barat",
        "rating": 4.8,
        "phone": "+62 818-687-858"
      },
      "geometry": {
        "type": "Point",
        "coordinates": [
          106.7626968,
          -6.1652307
        ]
      }
    },
    {
      "type": "Feature",
      "properties": {
        "name": "Evolution Gym",
        "address": "Jl. Nurul Falah No.33, RT.3/RW.4, Cisalak Ps., Kec. Cimanggis, Kota Depok, Jawa Barat 16452, Indonesia",
        "city": "Kota Depok",
        "rating": 4.7,
        "phone": "+62 812-9505-989"
      },
      "geometry": {
        "type": "Point",
        "coordinates": [
          106.8683143,
          -6.3809597
        ]
      }
    },
    {
      "type": "Feature",
      "properties": {
        "name": "Aricola Gym / Fitness",
        "address": "6, Jl. Janur II Blok CH IV No.53, RT.6/RW.10, Pd. Klp., Kec. Duren Sawit, Kota Jakarta Timur, Daerah Khusus Ibukota Jakarta 13450, Indonesia",
        "city": "Kota Jakarta Timur",
        "rating": 4.8,
        "phone": "+62 878-6196-4522"
      },
      "geometry": {
        "type": "Point",
        "coordinates": [
          106.9319723,
          -6.2423738
        ]
      }
    },
    {
      "type": "Feature",
      "properties": {
        "name": "YOU FIT GYM (YFG)",
        "address": "Jl. Baret Biru III, RT.5/RW.3, Kalisari, Kec. Ps. Rebo, Kota Jakarta Timur, Daerah Khusus Ibukota Jakarta 13790, Indonesia",
        "city": "Kota Jakarta Timur",
        "rating": 4.2,
        "phone": "+62 821-1399-3015"
      },
      "geometry": {
        "type": "Point",
        "coordinates": [
          106.8475607,
          -6.3310183
        ]
      }
    },
    {
      "type": "Feature",
      "properties": {
        "name": "Black Gym",
        "address": "Perumnas 2 Bumi, Jl. Durian Raya No.15, RT.02/RW.06, Lumpang, Kec. Parung Panjang, Kabupaten Bogor, Jawa Barat 16360, Indonesia",
        "city": "Kabupaten Bogor",
        "rating": 4.6,
        "phone": "Tidak ada nomor"
      },
      "geometry": {
        "type": "Point",
        "coordinates": [
          106.5606173,
          -6.3533003
        ]
      }
    },
    {
      "type": "Feature",
      "properties": {
        "name": "Inside Gym",
        "address": "Jl. Margonda No.417 Lantai 2 & 3, Pondok Cina, Kecamatan Beji, Kota Depok, Jawa Barat 16424, Indonesia",
        "city": "Kota Depok",
        "rating": 4.4,
        "phone": "+62 21 77204284"
      },
      "geometry": {
        "type": "Point",
        "coordinates": [
          106.8335183,
          -6.369628
        ]
      }
    },
    {
      "type": "Feature",
      "properties": {
        "name": "Gold's Gym Grand Metropolitan Mall Bekasi",
        "address": "Jl. KH. Noer Ali No.19b, RT.007/RW.003, Pekayon Jaya, Kec. Bekasi Sel., Kota Bks, Jawa Barat 17148, Indonesia",
        "city": "Kota Bks",
        "rating": 4.4,
        "phone": "+62 21 50301052"
      },
      "geometry": {
        "type": "Point",
        "coordinates": [
          106.9845233,
          -6.2492635
        ]
      }
    },
    {
      "type": "Feature",
      "properties": {
        "name": "Galuga Gym",
        "address": "Jl. KH. R. Abdullah Bin Nuh, RT.03/RW.01, Bubulak, Kec. Bogor Bar., Kota Bogor, Jawa Barat 16117, Indonesia",
        "city": "Kota Bogor",
        "rating": 4.6,
        "phone": "Tidak ada nomor"
      },
      "geometry": {
        "type": "Point",
        "coordinates": [
          106.754176,
          -6.5721841
        ]
      }
    },
    {
      "type": "Feature",
      "properties": {
        "name": "Samson Fitness & Gym",
        "address": "Jl. Palem Raya Indomaret Palem Raya No.7 Lantai 2, RT.001/RW.024, Cibodasari, Kec. Cibodas, Kota Tangerang, Banten 15138, Indonesia",
        "city": "Kota Tangerang",
        "rating": 4.4,
        "phone": "+62 878-8043-0308"
      },
      "geometry": {
        "type": "Point",
        "coordinates": [
          106.6075103,
          -6.21389
        ]
      }
    },
    {
      "type": "Feature",
      "properties": {
        "name": "Family Gym",
        "address": "Jl. Raya Peusar QG36+68Q Panongan, Peusar, Tangerang, Kabupaten Tangerang, Banten 15710, Indonesia",
        "city": "Kabupaten Tangerang",
        "rating": 4.6,
        "phone": "+62 822-2848-9993"
      },
      "geometry": {
        "type": "Point",
        "coordinates": [
          106.5108489,
          -6.246911
        ]
      }
    },
    {
      "type": "Feature",
      "properties": {
        "name": "RICHA GYM",
        "address": "Jl. Remaja 3 No.11, RT.6/RW.8, Cemp. Baru, Kec. Kemayoran, Kota Jakarta Pusat, Daerah Khusus Ibukota Jakarta 10640, Indonesia",
        "city": "Kota Jakarta Pusat",
        "rating": 4.2,
        "phone": "+62 812-9989-429"
      },
      "geometry": {
        "type": "Point",
        "coordinates": [
          106.8643587,
          -6.1654
        ]
      }
    },
    {
      "type": "Feature",
      "properties": {
        "name": "Shapers Gym Indonesia",
        "address": "Jl. Monumen Pancasila Sakti No.60, RT.1/RW.6, Lubang Buaya, Kec. Cipayung, Kota Jakarta Timur, Daerah Khusus Ibukota Jakarta 13810, Indonesia",
        "city": "Kota Jakarta Timur",
        "rating": 5,
        "phone": "+62 852-1657-5603"
      },
      "geometry": {
        "type": "Point",
        "coordinates": [
          106.903503,
          -6.2956022
        ]
      }
    },
    {
      "type": "Feature",
      "properties": {
        "name": "ZAQ'S GYM - Fitness Center",
        "address": "Jl. Bintara Pradana No.17, RT.009/RW.011, Bintara, Kec. Bekasi Bar., Kota Bks, Jawa Barat 17134, Indonesia",
        "city": "Kota Bks",
        "rating": 4.9,
        "phone": "+62 878-8458-5848"
      },
      "geometry": {
        "type": "Point",
        "coordinates": [
          106.9615504,
          -6.225145
        ]
      }
    },
    {
      "type": "Feature",
      "properties": {
        "name": "Venus Gym (Body Building & Cardio)",
        "address": "Jl. Kalibata Tengah No.10, RT.3/RW.3, Kalibata, Kec. Pancoran, Kota Jakarta Selatan, Daerah Khusus Ibukota Jakarta 12740, Indonesia",
        "city": "Kota Jakarta Selatan",
        "rating": 4.8,
        "phone": "+62 838-9699-9909"
      },
      "geometry": {
        "type": "Point",
        "coordinates": [
          106.8323116,
          -6.2620078
        ]
      }
    },
    {
      "type": "Feature",
      "properties": {
        "name": "Inspire Gym Jakarta",
        "address": "Jl. Karang Tengah Raya No.29, RT.4/RW.4, Lb. Bulus, Kec. Cilandak, Kota Jakarta Selatan, Daerah Khusus Ibukota Jakarta 12440, Indonesia",
        "city": "Kota Jakarta Selatan",
        "rating": 4.9,
        "phone": "+62 812-8112-9754"
      },
      "geometry": {
        "type": "Point",
        "coordinates": [
          106.7789554,
          -6.300113
        ]
      }
    },
    {
      "type": "Feature",
      "properties": {
        "name": "Platinum Gym",
        "address": "Jl. Dermaga Raya No. 03 Blok A2, RT.7/RW.10, Klender, Kec. Duren Sawit, Kota Jakarta Timur, Daerah Khusus Ibukota Jakarta 13470, Indonesia",
        "city": "Kota Jakarta Timur",
        "rating": 4.4,
        "phone": "+62 21 86602505"
      },
      "geometry": {
        "type": "Point",
        "coordinates": [
          106.911442,
          -6.220902
        ]
      }
    },
    {
      "type": "Feature",
      "properties": {
        "name": "Gym Center Wimarion",
        "address": "Jl. Wilis No.2A, Tegalsari, Kec. Candisari, Kota Semarang, Jawa Tengah 50231, Indonesia",
        "city": "Kota Semarang",
        "rating": 5,
        "phone": "+62 24 86010099"
      },
      "geometry": {
        "type": "Point",
        "coordinates": [
          110.4186196,
          -7.0074078
        ]
      }
    },
    {
      "type": "Feature",
      "properties": {
        "name": "God Bless Gym (belakang batik fa)",
        "address": "3MF4+7XP, Jayan Tengah, Kertijayan, Kec. Buaran, Kabupaten Pekalongan, Jawa Tengah 51171, Indonesia",
        "city": "Kabupaten Pekalongan",
        "rating": 4.7,
        "phone": "+62 858-7024-7993"
      },
      "geometry": {
        "type": "Point",
        "coordinates": [
          109.6575854,
          -6.9268311
        ]
      }
    }
  ]
}